Class Name,Community,Rural Or Urban,Batch,District,Self Selected,Enrolled,Status,ClassName_clean,uuid,deviceId,className,androidId,serial,osVersion,osName,device,model,user,host,lastConnected,location,deviceAccess,createUserId,createDate,updateUserId,lastUpdated,_merge
Kabre-Akulyou,Kabre-Akulyou,Rural,Batch 1,Bongo,172,58,Disbursement,kabreakulyou,,,,,,,,,,,,,,,,,,,left_only
Boya/Adonsi/Adagbira,Boya/Adonsi/Adagbira,Rural,Batch 1,Bawku West,78,56,Disbursement,boyaadonsiadagbira,,,,,,,,,,,,,,,,,,,left_only
Zamsa,Zamsa,Rural,Batch 1,Builsa South,66,57,Disbursement,zamsa,,,,,,,,,,,,,,,,,,,left_only
Zanlerigu-Zoabulug,Zanlerigu-Zoabulug,Rural,Batch 1,Nabdam,59,51,Disbursement,zanleriguzoabulug,,,,,,,,,,,,,,,,,,,left_only
Gbeogo,Gbeogo,Rural,Batch 1,Talensi,147,107,Disbursement,gbeogo,,,,,,,,,,,,,,,,,,,left_only
Kolnatinga,Kolnatinga,Rural,Batch 1,Tempane,54,46,Disbursement,kolnatinga,,,,,,,,,,,,,,,,,,,left_only
Chuchuliga/Awenaguuk,Chuchuliga/Awenaguuk,Rural,Batch 1,Builsa North,73,69,Disbursement,chuchuligaawenaguuk,,,,,,,,,,,,,,,,,,,left_only
Kanjarga-Zogsa,Kanjarga-Zogsa,Rural,Batch 2,Builsa South,32,32,Disbursement,kanjargazogsa,,,,,,,,,,,,,,,,,,,left_only
Bulinga,Bulinga,Rural,Batch 3,Bawku West,32,31,Disbursement,bulinga,,,,,,,,,,,,,,,,,,,left_only
Mantana,Lawook,Rural,Batch 2,Yunyoo-Nasuan District,97,97,Disbursement,mantana,45FD64C4-EDF8-4C0E-ADD7-FE53942AB34E,EKEMP.M8.2020,Mantana,3153e96c45d8a220,M820202206243,3.18.79,Linux,m8,M8,,android157,2022-11-23 15:57:16.000,"10.482665,-0.019536666666666664",2.0,0.0,2022-09-05 09:50:00,15.0,2022-11-23 16:05:00,both
Katigri,Katigri,Rural,Batch 3,Mamprugu Moagduri,156,135,Disbursement,katigri,B15E7731-DEC1-48AA-8A38-4637D92A3EB1,RP1A.200720.011,Katigri,a9eb61d24eb9ab6a,a9eb61d24eb9ab6a,4.19.127,Linux,M8,M8,,ekemp158,2025-04-08 11:59:40.483,,2.0,0.0,2024-12-16 11:34:00,540.0,2024-12-16 11:50:00,both
Gbani,Gbani ,Rural,Batch 2,Talensi,78,78,Disbursement,gbani,,,,,,,,,,,,,,,,,,,left_only
Yagzore,Yagzore ,Rural,Batch 3,Talensi,72,72,Disbursement,yagzore,BA9D59D6-5E43-4161-B287-80F7B6CCF609,RP1A.200720.011,Yagzore,9334d412115091c6,9334d412115091c6,4.19.127,Linux,M8,M8,,ekemp158,2024-02-16 14:59:04.337,"10.755115,-0.77105",2.0,0.0,2023-09-30 08:48:00,15.0,2023-12-08 11:57:00,both
Namori,Namori,Rural,Batch 3,Garu,32,32,Disbursement,namori,8FC9D659-BDA8-4B50-8E8F-277BB6929420,EKEMP.M8.2020,Namori,1205b7f36a2674b4,M820202206146,3.18.79,Linux,m8,M8,,android157,2025-03-11 11:38:54.777,,2.0,0.0,2025-02-13 14:19:00,540.0,2025-02-13 14:22:00,both
Pusigon,Pusigon,Rural,Batch 3,Tempane,75,71,Mentoring,pusigon,,,,,,,,,,,,,,,,,,,left_only
Kuuba,Kuuba,Rural,Batch 2,Mamprugu Moagduri,15,15,Disbursement,kuuba,670D18AE-225C-4D37-96DC-A655D2F81413,RP1A.200720.011,Kuuba,a532368aa0e7353c,a532368aa0e7353c,4.19.127,Linux,FP08,FP08,,hby,2025-06-19 13:44:33.037,,2.0,0.0,2025-06-19 10:42:00,15.0,2025-06-19 10:43:00,both
Sanjack-Kumpack-Tamping,Sanjack-Kumpack-Tamping,Rural,Batch 3,Bunkpurugu-Nakpanduri,46,38,Enrolment,sanjackkumpacktamping,,,,,,,,,,,,,,,,,,,left_only
Konchiangberuk,Konchiangberuk,Rural,Batch 2,Bunkpurugu-Nakpanduri,31,24,Disbursement,konchiangberuk,A1D52028-0C00-4AA9-859A-F06A4852CC6E,RP1A.200720.011,Konchiangberuk,e90eaeb0044d5ea0,e90eaeb0044d5ea0,4.19.127,Linux,M8,M8,,ekemp158,2025-04-26 20:14:50.263,,2.0,0.0,2024-12-10 15:48:00,15.0,2024-12-10 15:52:00,both
Mozio  Jinwol,Mozio  Jinwol,Rural,Batch 2,Yunyoo-Nasuan District,93,93,Disbursement,mozio jinwol,7CBBC010-227F-4F59-B96C-640F8080EA59,O11019,Mozio  Jinwol,9bc22f2baf78dbba,ZL7TFAPZ5LTCRWRC,3.18.79,Linux,m8,M8,,android157,2023-11-20 02:40:22.000,"10.482443333333332,-0.019716666666666667",2.0,0.0,2022-10-22 10:21:00,15.0,2023-11-20 13:06:00,both
Kuffuk,Kuffuk,Rural,Batch 2,Yunyoo-Nasuan District,37,37,Disbursement,kuffuk,,,,,,,,,,,,,,,,,,,left_only
Boarankuon,Boarankuon,Rural,Batch 2,Tempane,60,60,Disbursement,boarankuon,EEE820B4-370F-4EC6-8261-4AD0C37DDB12,EKEMP.M8.2020,Boarankuon,25efc1b6d0da07ca,M820202206434,3.18.79,Linux,m8,M8,,android157,2024-04-30 17:59:28.253,"10.823741666666669,-0.08398333333333333",2.0,0.0,2022-08-16 15:10:00,15.0,2022-10-23 22:12:00,both
Tarvango,Tarvango,Rural,Batch 3,Tempane,36,36,Disbursement,tarvango,556EA1C5-AABD-4E30-94A5-8DDC6BAEDEEC,RP1A.200720.011,Tarvango,b93261ab55bebf7b,b93261ab55bebf7b,4.19.127,Linux,M8,M8,,ekemp158,2025-03-16 07:48:35.487,,2.0,0.0,2025-02-20 14:11:00,15.0,2025-02-20 14:38:00,both
Nwaadug (Waadigu),Wakwan(Waugkpesir),Rural,Batch 2,Garu,22,22,Disbursement,nwaadug waadigu,197836ED-457A-4C20-A154-8D108FCB1E05,RP1A.200720.011,Nwaadug (Waadigu),6734a4f983b8f6b6,6734a4f983b8f6b6,4.19.127,Linux,FP08,FP08,,hby,2025-06-19 13:39:58.707,,2.0,0.0,2025-06-19 11:41:00,15.0,2025-06-19 11:54:00,both
Puhug*,Puhug,Rural,Batch 3,Talensi,82,67,Disbursement,puhug,A9B01471-23DA-46BF-88C6-7A5AB6A69FBD,RP1A.200720.011,Puhug*,3082ec621ac2d64a,3082ec621ac2d64a,4.19.127,Linux,M8,M8,,ekemp158,2024-11-01 09:07:45.957,,2.0,0.0,2024-10-29 10:26:00,15.0,2024-10-29 10:27:00,both
Pwalungu Nayire,Pwalungu Nayire,Rural,Batch 2,Talensi,85,85,Disbursement,pwalungu nayire,392A2130-935E-4A06-80F9-1CF9C689F41C,EKEMP.M8.2020,Pwalungu Nayire,5ca9f17b9de9ce18,M820202206409,3.18.79,Linux,m8,M8,,android157,2022-10-19 18:34:45.000,"10.611944999999999,-0.8644883333333334",2.0,0.0,2022-09-21 15:20:00,15.0,2022-10-19 18:41:00,both
Achanyeri- Goayie,Achanyeri- Goayie,Rural,Batch 3,Builsa North,132,132,Formation,achanyeri goayie,62B345A5-1E5B-4A3C-A7D0-560ED07F2A7A,EKEMP.M8.2020,Achanyeri- Goayie,dbe7f6f2dae0e3cd,M820202206234,3.18.79,Linux,m8,M8,,android157,2025-05-11 05:45:09.000,"10.733421,-1.288236",2.0,0.0,2024-03-04 17:10:00,15.0,2025-06-03 05:36:00,both
Tanchingu No 1,Tanchingu No 1 ,Rural,Batch 2,Pusiga,23,23,Disbursement,tanchingu no 1,1552FDEB-CEC8-483C-8B33-E550A523D10F,RP1A.200720.011,Tanchingu No 1,67809f329432ced5,67809f329432ced5,4.19.127,Linux,FP08,FP08,,hby,2025-06-19 14:45:08.687,,2.0,0.0,2025-06-19 12:00:00,15.0,2025-06-19 12:01:00,both
Ayelbia,Ayelbia,Rural,Batch 1,Bongo,109,50,Disbursement,ayelbia,,,,,,,,,,,,,,,,,,,left_only
Vea,Vea,Rural,Batch 1,Bongo,112,25,Disbursement,vea,,,,,,,,,,,,,,,,,,,left_only
Yiziesi,Yiziesi,Rural,Batch 1,Mamprugu Moagduri,77,55,Disbursement,yiziesi,,,,,,,,,,,,,,,,,,,left_only
Wundua,Wundua,Rural,Batch 1,East Mamprusi,241,91,Disbursement,wundua,,,,,,,,,,,,,,,,,,,left_only
Gbedema-Golluk,Gbedema-Golluk,Rural,Batch 1,Builsa South,55,30,Disbursement,gbedemagolluk,,,,,,,,,,,,,,,,,,,left_only
Goohe,Goohe,Rural,Batch 1,Nabdam,124,102,Disbursement,goohe,,,,,,,,,,,,,,,,,,,left_only
Bugpiigu,Bugpiigu ,Rural,Batch 1,Tempane,150,142,Disbursement,bugpiigu,,,,,,,,,,,,,,,,,,,left_only
Chamota,Chamota,Rural,Batch 1,Pusiga,71,56,Disbursement,chamota,,,,,,,,,,,,,,,,,,,left_only
Fumbisi-Chiok,Fumbisi-Chiok,Rural,Batch 3,Builsa South,147,138,Disbursement,fumbisichiok,D85FB833-D344-41D4-8DDE-E612A765EDFD,EKEMP.M8.2020,Fumbisi-Chiok,9a6951f2a8659b35,M820202206420,3.18.79,Linux,m8,M8,,android157,2024-02-10 12:27:36.000,"10.45553,-1.30557",2.0,0.0,2022-08-17 14:57:00,15.0,2024-02-10 12:39:00,both
Kpatorigu,Kpatorigu,Rural,Batch 2,Mamprugu Moagduri,42,42,Disbursement,kpatorigu,3B3AE740-9303-41D3-89C8-6DEAEC1DFF44,EKEMP.M8.2020,Kpatorigu,95b3184154dd8764,M820202206395,3.18.79,Linux,m8,M8,,android157,2023-08-07 17:29:10.000,"10.851373333333333,-0.12653166666666665",2.0,0.0,2021-07-10 15:27:00,15.0,2023-08-07 17:47:00,both
Nyamwai,Nyamwai,Rural,Batch 3,Bunkpurugu-Nakpanduri,43,33,Formation,nyamwai,2078475F-D381-40C6-92A8-B0BE3D9E4654,RP1A.200720.011,Nyamwai,5f74f93c6b0ca02c,5f74f93c6b0ca02c,4.19.127,Linux,M8,M8,,ekemp158,2025-08-18 14:03:13.667,"10.514956666666668,0.09375",2.0,0.0,2024-12-15 14:43:00,540.0,2025-07-14 08:49:00,both
Namaliku,Namaliku,Rural,Batch 2,Chereponi,15,15,Disbursement,namaliku,9401175A-D05F-46AC-8B79-F83D1CDDAD16,RP1A.200720.011,Namaliku,b447ffcd18729e92,b447ffcd18729e92,4.19.127,Linux,FP08,FP08,,hby,2025-06-19 10:42:03.020,,2.0,0.0,2025-06-19 09:55:00,15.0,2025-06-19 10:30:00,both
Duusi,Duusi ,Rural,Batch 3,Talensi,89,81,Disbursement,duusi,AABAC5F9-340E-4B0C-ADCD-217A96867152,EKEMP.M8.2020,Duusi,645839299b5af6c2,M820202206205,3.18.79,Linux,m8,M8,,android157,2024-02-09 10:14:47.747,"10.70817,-0.80521",2.0,0.0,2022-09-21 14:53:00,15.0,2023-12-01 07:30:00,both
Kolsabiliga,Kolsabiliga,Rural,Batch 3,Tempane,72,66,Disbursement,kolsabiliga,E8009341-D82D-4CDB-BD07-93F9A77CB987,PPR1.180610.011,Kolsabiliga,e5b78e1ee1b8b27b,e5b78e1ee1b8b27b,4.9.117+,Linux,FP-08,FP-08,,buildserver7,2025-03-08 22:13:37.000,"10.8533802,-0.1871108",2.0,0.0,2024-12-03 06:34:00,15.0,2025-03-08 22:21:00,both
Kabiinsa,Kabiinsa,Rural,Batch 2,Builsa North,38,38,Disbursement,kabiinsa,,,,,,,,,,,,,,,,,,,left_only
Yarigungu,Yarigungu,Rural,Batch 3,Binduri,19,19,Disbursement,yarigungu,,,,,,,,,,,,,,,,,,,left_only
Gentiga,Gentiga,Rural,Batch 3,Bawku Municipal,140,125,Disbursement,gentiga,,,,,,,,,,,,,,,,,,,left_only
Kunkwa,Kunkwa,Rural,Batch 3,Mamprugu Moagduri,47,37,Disbursement,kunkwa,488757D3-41AB-448D-A124-92350A370DB8,RP1A.200720.011,Kunkwa,a90ade8ff5c535d9,a90ade8ff5c535d9,4.19.127,Linux,M8,M8,,ekemp158,2025-03-03 18:48:31.427,"10.415436666666668,-1.1253683333333333",2.0,0.0,2024-12-16 11:37:00,540.0,2025-02-25 13:09:00,both
Bangola,Bangola,Rural,Batch 2,Nabdam,89,89,Disbursement,bangola,97FEF3E2-1B77-4E09-B395-A5D014048C3B,O11019,Bangola,dbea317befc18cb0,HMWG7SVSEEHEWCLV,3.18.79,Linux,m8,M8,,android157,2025-06-02 14:17:21.693,"10.759491666666667,-0.6491766666666667",2.0,0.0,2022-08-16 14:15:00,15.0,2023-11-22 03:57:00,both
Gbankoni,Gbankoni,Rural,Batch 2,Bunkpurugu-Nakpanduri,166,165,Disbursement,gbankoni,ACA31637-A663-42B4-8D5D-C89B6470A3A7,EKEMP.M8.2020,Gbankoni,4aeb366e84405e84,M820202206303,3.18.79,Linux,m8,M8,,android157,2023-01-31 13:18:36.000,"10.51863,0.08675000000000001",2.0,0.0,2022-11-10 13:12:00,15.0,2023-01-31 13:22:00,both
Toobont,Toobont,Rural,Batch 2,Yunyoo-Nasuan District,42,42,Disbursement,toobont,249728F5-21E2-490B-84BA-1B76EA8F1B13,EKEMP.M8.2020,Toobont,a2a2c6b5d3c1c0b7,M820202206180,3.18.79,Linux,m8,M8,,android157,2024-08-18 12:22:03.667,"10.431993,-0.082958",2.0,0.0,2022-10-13 10:15:00,15.0,2023-12-17 17:00:00,both
La-Atari,La-Atari,Rural,Batch 2,East Mamprusi,79,76,Disbursement,laatari,,,,,,,,,,,,,,,,,,,left_only
Jato-Borfu (Bosu),Jato-Borfu (Bosu),Rural,Batch 2,Chereponi,134,128,Disbursement,jatoborfu bosu,004F58C3-08CC-404F-89E7-C1D3573C556E,EKEMP.M8.2020,Jato-Borfu (Bosu),73f3dc17e55efeba,M820202206423,3.18.79,Linux,m8,M8,,android157,2022-11-14 16:29:10.000,"10.114823333333334,0.25509333333333334",2.0,0.0,2022-10-20 15:11:00,15.0,2022-11-14 16:32:00,both
Basyonde,Basyonde,Rural,Batch 2,Tempane,27,27,Disbursement,basyonde,,,,,,,,,,,,,,,,,,,left_only
Kasiesa -Yemona,Kasiesa -Yemona,Rural,Batch 2,Builsa South,25,25,Disbursement,kasiesa yemona,,,,,,,,,,,,,,,,,,,left_only
Aniego,Aniego,Rural,Batch 2,Bawku West,29,29,Disbursement,aniego,,,,,,,,,,,,,,,,,,,left_only
Gowrie,Gowrie,Rural,Batch 3,Bongo,23,23,Disbursement,gowrie,,,,,,,,,,,,,,,,,,,left_only
Palnaba,Palnaba,Rural,Batch 3,Pusiga,54,53,Mentoring,palnaba,3DB77AF1-CBF0-4766-8FB7-E450B2D30D77,EKEMP.M8.2020,Palnaba,70b5fc60a9b01397,M820202206280,3.18.79,Linux,m8,M8,,android157,2025-02-13 16:13:35.000,"11.087731666666665,-0.12970833333333334",2.0,0.0,2024-08-15 09:32:00,15.0,2025-02-13 16:31:00,both
MEMPEASEM,MEMPEASEM,Rural,Batch 4,Chereponi,87,87,Disbursement,mempeasem,,,,,,,,,,,,,,,,,,,left_only
Kparipii/Yakote,Kparipii/Yakote,Rural,Batch 1,Nabdam,86,63,Disbursement,kparipiiyakote,,,,,,,,,,,,,,,,,,,left_only
Bulbia,Bulbia,Rural,Batch 1,West Mamprusi,119,94,Disbursement,bulbia,,,,,,,,,,,,,,,,,,,left_only
Dagbamba Fongu/Guabuliga,Dagbamba Fongu/Guabuliga,Rural,Batch 1,West Mamprusi,142,132,Disbursement,dagbamba fonguguabuliga,,,,,,,,,,,,,,,,,,,left_only
Nansoni,Nansoni,Rural,Batch 1,Chereponi,49,28,Disbursement,nansoni,,,,,,,,,,,,,,,,,,,left_only
Sangbana,Sangbana,Rural,Batch 1,Chereponi,95,66,Disbursement,sangbana,,,,,,,,,,,,,,,,,,,left_only
Kolpiengo,Kolpiengo,Rural,Batch 1,Bawku Municipal,66,25,Disbursement,kolpiengo,,,,,,,,,,,,,,,,,,,left_only
Kpikpaluk/Kadema,Kpikpaluk/Kadema,Rural,Batch 1,Builsa North,228,102,Disbursement,kpikpalukkadema,,,,,,,,,,,,,,,,,,,left_only
Kumpalgoga,Kumpalgoga,Rural,Batch 1,Binduri,179,128,Disbursement,kumpalgoga,,,,,,,,,,,,,,,,,,,left_only
Tambiugu - Batch 2,Tambiugu,Rural,Batch 1,Binduri,73,53,Disbursement,tambiugu  batch 2,F699FD59-E264-4D29-B4B0-A4FD6EA5596C,EKEMP.M8.2020,Tambiugu - Batch 2,e982e1b2131fd46a,M820202206314,3.18.79,Linux,m8,M8,,android157,2022-03-23 10:59:54.000,"11.002328333333333,-0.31431333333333333",2.0,0.0,2021-06-09 03:08:00,15.0,2022-03-23 11:01:00,both
Logre Potin,Logre Potin,Rural,Batch 3,Nabdam,164,162,Disbursement,logre potin,91766563-7AF1-46C9-A0CA-8343F567DC1A,RP1A.200720.011,Logre Potin,24055868133515e0,24055868133515e0,4.19.127,Linux,FP08,FP08,,hby,2025-06-28 22:38:05.000,,2.0,0.0,2024-12-03 17:43:00,15.0,2024-12-03 17:48:00,both
Kikaayiri,Kikaayiri,Rural,Batch 2,Mamprugu Moagduri,48,48,Disbursement,kikaayiri,86E934F9-C5AF-4B57-ACE4-730927B188BD,EKEMP.M8.2020,Kikaayiri,eaf7680f95ee3572,M820202206287,3.18.79,Linux,m8,M8,,android157,2024-08-08 15:54:51.810,"10.2399,-1.2740900000000002",2.0,0.0,2022-08-24 14:56:00,15.0,2022-10-04 16:39:00,both
Kambatiak,Kambatiak,Rural,Batch 2,Bunkpurugu-Nakpanduri,47,47,Disbursement,kambatiak,6969E17E-9AC4-4A98-B22D-C74ED0E93A1C,EKEMP.M8.2020,Kambatiak,127ee9dd36f44b8b,M820202206465,3.18.79,Linux,m8,M8,,android157,2022-03-03 12:10:43.000,"10.58579,-0.10711",2.0,0.0,2021-09-01 11:09:00,15.0,2022-03-03 12:12:00,both
Nyariga,Nyariga,Rural,Batch 3,Bongo,45,43,Disbursement,nyariga,105E1417-B6BE-4952-9B7F-4332C4FEDDEA,EKEMP.M8.2020,Nyariga,12745ab734277799,M820202206256,3.18.79,Linux,m8,M8,,android157,2025-05-06 17:49:01.750,,2.0,0.0,2025-02-11 17:26:00,15.0,2025-02-11 17:26:00,both
Zooya,Zooya,Rural,Batch 3,Nabdam,44,43,Disbursement,zooya,6BC6A4DE-0ED6-4DD8-BD86-7AEFD910D129,EKEMP.M8.2020,Zooya,4e68a96573a51bed,M820202206208,3.18.79,Linux,m8,M8,,android157,2024-01-09 01:43:56.513,"10.79601,-0.7007433333333334",2.0,0.0,2022-08-16 13:58:00,15.0,2023-11-20 18:52:00,both
Bilinsa,Bilinsa,Rural,Batch 3,Builsa North,24,21,Formation,bilinsa,,,,,,,,,,,,,,,,,,,left_only
Kanansa Katuesa,Kanansa Katuesa,Rural,Batch 2,Builsa North,36,32,Disbursement,kanansa katuesa,4DC160C0-EC4B-4F8E-823F-9AD1E8CC9CA7,EKEMP.M8.2020,Kanansa Katuesa,449c989254445cfb,M820202206234,3.18.79,Linux,m8,M8,,android157,2024-03-04 17:00:13.797,"10.735694999999998,-1.2855566666666665",2.0,0.0,2022-08-15 16:01:00,15.0,2022-09-24 12:28:00,both
Yalugu,Yalugu,Rural,Batch 2,Binduri,94,93,Disbursement,yalugu,17F7A2B3-E6D5-4E05-A956-7F59E9B616DB,EKEMP.M8.2020,Yalugu,37c766e09bdcd22f,M820202206315,3.18.79,Linux,m8,M8,,android157,2022-08-15 14:40:08.033,,2.0,0.0,2022-08-15 14:40:00,15.0,2022-08-15 14:42:00,both
Jadema,Jadema,Rural,Batch 2,Mamprugu Moagduri,21,21,Disbursement,jadema,7213A1AD-C91E-46C8-BEB9-7715156AE112,RP1A.200720.011,Jadema,9de2b052eecf36e4,9de2b052eecf36e4,4.19.127,Linux,FP08,FP08,,hby,2025-06-19 11:46:58.810,,2.0,0.0,2025-06-19 11:11:00,15.0,2025-06-19 11:36:00,both
Kukua No. 2,Kukua No. 2,Rural,Batch 2,West Mamprusi,211,211,Disbursement,kukua no 2,C548417B-2B90-450C-859D-137FBB2A242A,EKEMP.M8.2020,Kukua No. 2,616d365ce4d33fd2,M820202206399,3.18.79,Linux,m8,M8,,android157,2024-03-20 12:53:39.990,"10.80573,-0.873309",2.0,0.0,2022-10-20 09:58:00,15.0,2023-08-13 17:29:00,both
Naachinaafongu-Nasia,Naachinaafongu-Nasia,Rural,Batch 2,West Mamprusi,79,75,Disbursement,naachinaafongunasia,,,,,,,,,,,,,,,,,,,left_only
Tugzua/Sakpari,Tugzua/Sakpari,Rural,Batch 3,Bawku Municipal,157,157,Mentoring,tugzuasakpari,,,,,,,,,,,,,,,,,,,left_only
Karateshi (Bugpiigu),Karateshi (Bugpiigu),Rural,Batch 3,Tempane,100,95,Disbursement,karateshi bugpiigu,257D543E-ABF1-48EC-80FB-AC73637BA8AC,RP1A.200720.011,Karateshi (Bugpiigu),489be069f766f4f0,489be069f766f4f0,4.19.127,Linux,M8,M8,,ekemp158,2025-03-01 07:18:40.440,,2.0,0.0,2025-02-21 07:02:00,15.0,2025-02-21 07:11:00,both
Lungu,Lungu,Rural,Batch 2,Bongo,49,48,Disbursement,lungu,5043534C-0838-4848-B110-4203F92F995B,EKEMP.M8.2020,Lungu,2b29b0cefa414b77,M820202206216,3.18.79,Linux,m8,M8,,android157,2022-09-19 11:07:51.613,,2.0,0.0,2022-09-19 11:08:00,15.0,2022-09-19 11:10:00,both
Tankoo,Tankoo,Rural,Batch 3,Bongo,34,32,Disbursement,tankoo,6BB3623D-8123-49F3-86CB-30AA5076FB37,EKEMP.M8.2020,Tankoo,a6a60719dce00cd0,M820202206333,3.18.79,Linux,m8,M8,,android157,2024-03-28 11:39:31.000,"10.913728333333331,-0.806685",2.0,0.0,2022-09-04 18:55:00,15.0,2024-03-28 11:59:00,both
Kultamse,Kultamse,Rural,Batch 2,Pusiga,76,76,Disbursement,kultamse,89BF0682-83DE-4977-80F0-E034769A0746,EKEMP.M8.2020,Kultamse,7891acd5fe350b59,M820202206345,3.18.79,Linux,m8,M8,,android157,2024-01-12 10:49:40.410,"11.060828333333331,-0.16283333333333333",2.0,0.0,2022-11-27 20:18:00,15.0,2023-12-06 10:51:00,both
Dudankukpalig,Dudankukpalig,Rural,Batch 4,Garu,49,49,Mentoring,dudankukpalig,,,,,,,,,,,,,,,,,,,left_only
SARAFONG,SARAFONG ,Rural,Batch 4,West Mamprusi,153,153,Mentoring,sarafong,96F3752C-D14A-4849-B011-9132A13A078B,EKEMP.M8.2020,SARAFONG,a52b628ef2378cd2,M820202206393,3.18.79,Linux,m8,M8,,android157,2025-04-09 06:26:56.917,"10.361681666666668,-0.798",2.0,0.0,2025-01-09 11:30:00,15.0,2025-03-04 15:48:00,both
Yikurugu,Yikurugu,Rural,Batch 1,Bawku West,131,65,Disbursement,yikurugu,,,,,,,,,,,,,,,,,,,left_only
Salpuga-Guzongo,Salpuga-Guzongo,Rural,Batch 1,Bawku West,85,39,Disbursement,salpugaguzongo,,,,,,,,,,,,,,,,,,,left_only
Bugya Kura/Walewale,Bugya Kura/Walewale,Rural,Batch 1,West Mamprusi,64,55,Disbursement,bugya kurawalewale,,,,,,,,,,,,,,,,,,,left_only
Wungu,Wungu,Rural,Batch 1,West Mamprusi,122,90,Disbursement,wungu,,,,,,,,,,,,,,,,,,,left_only
Loagri,Loagri,Rural,Batch 1,Mamprugu Moagduri,210,72,Disbursement,loagri,,,,,,,,,,,,,,,,,,,left_only
Tuni,Tuni,Rural,Batch 1,East Mamprusi,149,131,Disbursement,tuni,,,,,,,,,,,,,,,,,,,left_only
Wonjuga,Wonjuga,Rural,Batch 1,Chereponi,72,34,Disbursement,wonjuga,,,,,,,,,,,,,,,,,,,left_only
Mognori,Mognori,Rural,Batch 1,Bawku Municipal,180,102,Disbursement,mognori,,,,,,,,,,,,,,,,,,,left_only
Nangandem,Nangandem,Rural,Batch 1,Builsa North,134,66,Disbursement,nangandem,,,,,,,,,,,,,,,,,,,left_only
Narango Saago,Narango Saago,Rural,Batch 1,Binduri,337,116,Disbursement,narango saago,,,,,,,,,,,,,,,,,,,left_only
Wispeogo - Batch 2,Wispeogo,Rural,Batch 1,Binduri,26,20,Disbursement,wispeogo  batch 2,57643DF3-DAEC-476D-8A15-D64CF773004A,EKEMP.M8.2020,Wispeogo - Batch 2,5917fe5b525f5967,M820202206315,3.18.79,Linux,m8,M8,,android157,2022-03-06 19:49:18.000,"11.041818333333334,-0.2643933333333333",2.0,0.0,2021-06-09 04:35:00,1.0,2022-03-06 19:54:00,both
Naadema,Naadema,Rural,Batch 2,Builsa South,69,69,Disbursement,naadema,F6FDA0E9-667F-4644-95F7-361A635BA6BE,EKEMP.M8.2020,Naadema,bbb68b1f66f35b3d,M820202206359,3.18.79,Linux,m8,M8,,android157,2023-12-02 14:20:21.000,"10.454558333333333,-1.3133083333333335",2.0,0.0,2022-08-17 15:02:00,15.0,2023-12-02 14:30:00,both
Kinkangu,Kinkangu,Rural,Batch 3,Bunkpurugu-Nakpanduri,94,85,Formation,kinkangu,,,,,,,,,,,,,,,,,,,left_only
Bogrigo,Bogrigo,Rural,Batch 2,Bongo,48,48,Disbursement,bogrigo,6BB3623D-8123-49F3-86CB-30AA5076FB37,EKEMP.M8.2020,Bogrigo,a6a60719dce00cd0,M820202206333,3.18.79,Linux,m8,M8,,android157,2024-03-28 11:39:31.000,"10.913728333333331,-0.806685",2.0,0.0,2022-09-04 18:55:00,15.0,2024-03-28 11:59:00,both
Ayopia,Ayopia,Rural,Batch 3,Bongo,46,34,Disbursement,ayopia,7A3856DA-C39B-405B-930E-B35ACE12AC83,EKEMP.M8.2020,Ayopia,9f2b70757734494e,M820202206364,3.18.79,Linux,m8,M8,,android157,2025-04-17 14:36:01.423,"10.798588333333331,-0.8650683333333333",2.0,0.0,2025-02-11 17:42:00,15.0,2025-02-27 09:27:00,both
Kunduure,Kunduure,Rural,Batch 2,Nabdam,57,57,Disbursement,kunduure,,,,,,,,,,,,,,,,,,,left_only
Damvoag,Damvoag,Rural,Batch 2,Tempane,58,58,Disbursement,damvoag,4C9D70E3-DF37-44A5-98AD-20E72D3C036E,O11019,Damvoag,a92e7417ff0324be,BQSOGMYTGECES8J7,3.18.79,Linux,m8,M8,,android157,2024-07-21 20:58:12.827,"10.826258333333332,-0.07024166666666667",2.0,0.0,2022-08-16 13:50:00,15.0,2023-11-28 21:07:00,both
Dawarinsa,Dawarinsa,Rural,Batch 2,Builsa North,107,107,Disbursement,dawarinsa,936B629B-0DE0-4B87-AEEC-7DCB7DD2782A,EKEMP.M8.2020,Dawarinsa,9846dd23e711b33a,M820202206153,3.18.79,Linux,m8,M8,,android157,2022-10-13 15:18:44.000,"10.685976666666667,-1.3645033333333334",2.0,0.0,2022-08-15 15:59:00,15.0,2022-10-13 15:23:00,both
Gumyoko/Yodelinga,Gumyoko/Yodelinga,Rural,Batch 3,Binduri,89,89,Formation,gumyokoyodelinga,,,,,,,,,,,,,,,,,,,left_only
Dabozesi,Dabozesi,Rural,Batch 2,Mamprugu Moagduri,84,83,Disbursement,dabozesi,2BCF427C-6A18-4DCB-A384-7391B3186757,EKEMP.M8.2020,Dabozesi,f8440b42f36ebe89,M820202206286,3.18.79,Linux,m8,M8,,android157,2022-11-08 09:45:06.000,"10.196906666666667,-1.5119883333333335",2.0,0.0,2022-08-27 08:39:00,15.0,2022-11-08 09:46:00,both
Bora Fongu-Gbimsi,Bora Fongu-Gbimsi,Rural,Batch 2,West Mamprusi,198,197,Disbursement,bora fongugbimsi,6834742C-BFB6-421E-894B-977BAEE31AE7,O11019,Bora Fongu-Gbimsi,5d167489ea2b6ede,AUDQOBJJM7G6LVNV,3.18.79,Linux,m8,M8,,android157,2024-03-20 10:30:29.610,"10.361285,-0.754115",2.0,0.0,2022-09-06 16:49:00,15.0,2023-08-26 15:06:00,both
Moatani/Kparigu,Moatani/Kparigu,Rural,Batch 3,West Mamprusi,195,195,Disbursement,moatanikparigu,96F3752C-D14A-4849-B011-9132A13A078B,EKEMP.M8.2020,Moatani/Kparigu,a52b628ef2378cd2,M820202206393,3.18.79,Linux,m8,M8,,android157,2025-04-09 06:26:56.917,"10.361681666666668,-0.798",2.0,0.0,2025-01-09 11:30:00,15.0,2025-03-04 15:48:00,both
Tambalugu,Tambalugu,Rural,Batch 3,Bawku Municipal,115,115,Mentoring,tambalugu,,,,,,,,,,,,,,,,,,,left_only
Misnabzua,Misnabzua,Rural,Batch 3,Bawku Municipal,27,27,Disbursement,misnabzua,,,,,,,,,,,,,,,,,,,left_only
Akunka,Akunka,Rural,Batch 2,Bongo,34,34,Disbursement,akunka,,,,,,,,,,,,,,,,,,,left_only
Bongo Kunkua,Bongo Kunkua,Rural,Batch 2,Bongo,50,50,Disbursement,bongo kunkua,74FDBCB6-A8D9-43AC-8C87-AF22AFA98519,EKEMP.M8.2020,Bongo Kunkua,038df9e4247e9715,M820202206219,3.18.79,Linux,m8,M8,,android157,2022-11-03 11:48:06.000,"10.913421666666666,-0.80658",2.0,0.0,2022-09-04 20:35:00,15.0,2022-11-04 10:43:00,both
Awaah,Awaah,Rural,Batch 2,Bongo,29,29,Disbursement,awaah,,,,,,,,,,,,,,,,,,,left_only
Suande,Suande,Rural,Batch 3,Pusiga,66,62,Mentoring,suande,C6476860-4935-422E-A066-3ED009E1ED1D,EKEMP.M8.2020,Suande,f809f2213125a663,M820202206330,3.18.79,Linux,m8,M8,,android157,2025-01-16 14:17:12.053,"11.085915,-0.127464",2.0,0.0,2024-09-15 18:53:00,15.0,2025-01-12 08:46:00,both
Kpemale/Bandimsugru,Kpemale/Bandimsugru,Rural,Batch 1,Bunkpurugu-Nakpanduri,209,101,Disbursement,kpemalebandimsugru,,,,,,,,,,,,,,,,,,,left_only
Jawani,Jawani,Rural,Batch 1,East Mamprusi,371,161,Disbursement,jawani,,,,,,,,,,,,,,,,,,,left_only
Bachongsa,Bachongsa,Rural,Batch 1,Builsa South,97,79,Disbursement,bachongsa,,,,,,,,,,,,,,,,,,,left_only
Tempizua 1&2,Tempizua 1&2,Rural,Batch 1,Bawku Municipal,116,52,Disbursement,tempizua 12,,,,,,,,,,,,,,,,,,,left_only
Akongobisi/Kanabisi,Akongobisi/Kanabisi,Rural,Batch 1,Talensi,75,66,Disbursement,akongobisikanabisi,,,,,,,,,,,,,,,,,,,left_only
Susude CLASS,Susude,Rural,Batch 1,Tempane,47,23,Disbursement,susude class,,,,,,,,,,,,,,,,,,,left_only
Gareke,Gareke,Rural,Batch 1,Pusiga,162,148,Disbursement,gareke,,,,,,,,,,,,,,,,,,,left_only
Balerinsa,Balerinsa,Rural,Batch 2,Builsa South,20,20,Disbursement,balerinsa,FA4B549D-1859-4EC0-8813-D530611048D0,RP1A.200720.011,Balerinsa,9abe53ef67cfc275,9abe53ef67cfc275,4.19.127,Linux,FP08,FP08,,hby,2025-06-19 11:48:25.167,,2.0,0.0,2025-06-19 10:55:00,15.0,2025-06-19 10:57:00,both
Sangban/Naghan /Bakpan,Sangban/Naghan /Bakpan ,Rural,Batch 3,Yunyoo-Nasuan District,11,11,Disbursement,sangbannaghan bakpan,69E85C52-76C2-4137-BECE-0B963C7B9E56,O11019,Sangban/Naghan /Bakpan,79ae1cc484fdb546,SKYDKFY5ROFYS4SS,3.18.79,Linux,m8,M8,,android157,2022-03-31 09:57:19.000,"10.482508333333332,-0.019518333333333335",2.0,0.0,2021-07-12 09:19:00,15.0,2022-03-31 09:59:00,both
Gaagbini,Gaagbini,Rural,Batch 3,West Mamprusi,123,123,Disbursement,gaagbini,,,,,,,,,,,,,,,,,,,left_only
Mabambori,Mabambori,Rural,Batch 2,Chereponi,44,42,Disbursement,mabambori,F40BA0DE-D331-4153-8026-BA020788EE06,RP1A.200720.011,Mabambori,b035524f74256f49,b035524f74256f49,4.19.127,Linux,FP08,FP08,,hby,2025-01-16 13:14:45.153,,2.0,0.0,2025-01-15 13:36:00,15.0,2025-01-15 13:36:00,both
Zogamire,Zogamire,Rural,Batch 2,Nabdam,60,60,Disbursement,zogamire,6BC6A4DE-0ED6-4DD8-BD86-7AEFD910D129,EKEMP.M8.2020,Zogamire,4e68a96573a51bed,M820202206208,3.18.79,Linux,m8,M8,,android157,2024-01-09 01:43:56.513,"10.79601,-0.7007433333333334",2.0,0.0,2022-08-16 13:58:00,15.0,2023-11-20 18:52:00,both
Telli,Telli,Rural,Batch 2,Tempane,50,50,Disbursement,telli,E62B003B-A427-4CB5-AC5D-C3B8687DF570,EKEMP.M8.2020,Telli,c3d8cb86d8428715,M820202206308,3.18.79,Linux,m8,M8,,android157,2022-09-03 16:37:22.000,"10.873106666666668,-0.05114333333333333",2.0,0.0,2022-08-16 13:54:00,15.0,2022-09-03 16:40:00,both
Chandaasa,Chandaasa,Rural,Batch 3,Builsa North,63,53,Disbursement,chandaasa,95A59827-720C-4D5E-A1CF-6807AE527D5C,EKEMP.M8.2020,Chandaasa,4fcffba0e381239a,M820202206377,3.18.79,Linux,m8,M8,,android157,2023-11-22 12:05:57.000,"10.730966666666665,-1.2863699999999998",2.0,0.0,2022-08-15 16:08:00,15.0,2023-11-28 12:24:00,both
Bador/Gomoluka,Bador/Gomoluka,Rural,Batch 3,Bawku Municipal,72,71,Mentoring,badorgomoluka,,,,,,,,,,,,,,,,,,,left_only
Yakin,Yakin,Rural,Batch 3,Nabdam,104,104,Disbursement,yakin,,,,,,,,,,,,,,,,,,,left_only
New Zongo,New Zongo,Rural,Batch 2,Bunkpurugu-Nakpanduri,143,125,Disbursement,new zongo,85C20232-F2F9-4C64-9C8E-9971EC8D437A,EKEMP.M8.2020,New Zongo,83208c0ac65bbc79,M820202206405,3.18.79,Linux,m8,M8,,android157,2023-10-05 01:07:04.217,,2.0,0.0,2022-11-22 13:50:00,15.0,2022-11-22 13:53:00,both
Kufori,Kufori,Rural,Batch 3,Yunyoo-Nasuan District,1,0,Disbursement,kufori,4D97968E-8FE8-4F82-BBB2-5BC873F6672C,RP1A.200720.011,Kufori,ded6b92b3142ae5b,ded6b92b3142ae5b,4.19.127,Linux,M8,M8,,ekemp158,2025-04-04 18:49:54.330,"10.497776666666669,-0.13312833333333335",2.0,0.0,2025-01-12 11:38:00,576.0,2025-03-27 18:19:00,both
Janga,Janga,Rural,Batch 3,West Mamprusi,10,10,Disbursement,janga,96F3752C-D14A-4849-B011-9132A13A078B,EKEMP.M8.2020,Janga,a52b628ef2378cd2,M820202206393,3.18.79,Linux,m8,M8,,android157,2025-04-09 06:26:56.917,"10.361681666666668,-0.798",2.0,0.0,2025-01-09 11:30:00,15.0,2025-03-04 15:48:00,both
Arizeem,Arizeem,Rural,Batch 3,Bawku Municipal,104,85,Disbursement,arizeem,,,,,,,,,,,,,,,,,,,left_only
Kparimbok,Kparimbok,Rural,Batch 2,Tempane,43,43,Disbursement,kparimbok,1D848B7C-1261-44E7-AC7D-704BF2E336C3,EKEMP.M8.2020,Kparimbok,ba7c8881073fbff8,M820202206261,3.18.79,Linux,m8,M8,,android157,2022-09-05 16:34:50.000,"10.825669999999999,-0.06979833333333334",2.0,0.0,2022-08-16 10:33:00,15.0,2022-09-06 07:48:00,both
Poraguur,Poraguur,Rural,Batch 2,Garu,35,35,Disbursement,poraguur,A00E8745-E4DF-45F6-AC42-C6263B736279,EKEMP.M8.2020,Poraguur,43b96ea7b7281521,M820202206312,3.18.79,Linux,m8,M8,,android157,2022-09-10 19:28:13.000,"10.854376666666667,-0.18407833333333334",2.0,0.0,2022-08-15 11:41:00,11.0,2022-09-10 19:32:00,both
Kanjarga Piisa,Kanjarga Piisa,Rural,Batch 3,Builsa South,51,48,Disbursement,kanjarga piisa,A9297342-7FD9-4E07-BEF4-F573FECEE9C4,EKEMP.M8.2020,Kanjarga Piisa,50aedb0aa677fe44,M820202206420,3.18.79,Linux,m8,M8,,android157,2025-03-24 10:07:38.237,,2.0,0.0,2025-02-26 14:01:00,540.0,2025-02-26 16:28:00,both
Teshie-Agaogo,Teshie-Agaogo,Rural,Batch 3,Bawku West,38,37,Disbursement,teshieagaogo,,,,,,,,,,,,,,,,,,,left_only
Gbee/Kpale,Gbee/Kpale,Rural,Batch 3,Talensi,113,102,Disbursement,gbeekpale,3C896A82-FFC2-4E62-B41B-00AA809EAE71,O11019,Gbee/Kpale,94309bcc6de01391,Y5MZLFPNH67DDQ4P,3.18.79,Linux,m8,M8,,android157,2024-01-23 09:25:56.000,"10.798701666666666,-0.864815",2.0,0.0,2022-08-15 15:40:00,15.0,2024-01-23 12:16:00,both
Akomdabogo,Akomdabogo,Rural,Batch 2,Pusiga,51,51,Disbursement,akomdabogo,67089C5A-2040-4C17-916E-4F2047BFA5E8,EKEMP.M8.2020,Akomdabogo,17d668fd21ef8698,M820202206330,3.18.79,Linux,m8,M8,,android157,2024-01-18 14:19:46.923,"11.085041,-0.126963",2.0,0.0,2022-11-15 14:57:00,15.0,2023-12-19 17:40:00,both
Saka-Zeogo,Saka-Zeogo,Rural,Batch 4,Bawku West,56,41,Disbursement,sakazeogo,,,,,,,,,,,,,,,,,,,left_only
Zawse Widanatinga/Kpanatinga,Zawse Widanatinga/Kpanatinga,Rural,Batch 4,Binduri,119,119,Disbursement,zawse widanatingakpanatinga,29C41C41-9FB2-4580-BD1B-33DD3B1D83A1,RP1A.200720.011,Zawse Widanatinga/Kpanatinga,5bde30958e563449,5bde30958e563449,4.19.127,Linux,M8,M8,,ekemp158,2024-03-12 12:30:10.000,"11.0529,-0.29383666666666663",2.0,0.0,2023-11-16 17:59:00,15.0,2024-03-13 11:30:00,both
Kubugu,Kubugu,Rural,Batch 1,Mamprugu Moagduri,90,62,Disbursement,kubugu,,,,,,,,,,,,,,,,,,,left_only
Kpentaug,Kpentaug,Rural,Batch 1,Bunkpurugu-Nakpanduri,107,67,Disbursement,kpentaug,,,,,,,,,,,,,,,,,,,left_only
Sakogu,Sakogu,Rural,Batch 1,East Mamprusi,183,174,Disbursement,sakogu,,,,,,,,,,,,,,,,,,,left_only
Namangu,Namangu,Rural,Batch 1,East Mamprusi,106,87,Disbursement,namangu,,,,,,,,,,,,,,,,,,,left_only
Biaka,Biaka,Rural,Batch 1,Binduri,41,29,Disbursement,biaka,,,,,,,,,,,,,,,,,,,left_only
Bimpella,Bimpella,Rural,Batch 1,Pusiga,101,77,Disbursement,bimpella,,,,,,,,,,,,,,,,,,,left_only
Gbetmunpaak,Gbetmunpaak,Rural,Batch 3,Bunkpurugu-Nakpanduri,108,93,Formation,gbetmunpaak,,,,,,,,,,,,,,,,,,,left_only
Nayorku,Nayorku,Rural,Batch 3,West Mamprusi,218,217,Disbursement,nayorku,2FA1166C-6E06-4C8E-A182-CF14B8CD6941,RP1A.200720.011,Nayorku,21f4c8f231c4c93d,21f4c8f231c4c93d,4.19.127,Linux,M8,M8,,ekemp158,2023-12-14 16:54:04.000,"10.798816666666669,-0.8648",2.0,0.0,2023-11-24 16:00:00,15.0,2023-12-14 17:01:00,both
Tiekasu,Tiekasu,Rural,Batch 2,Chereponi,34,31,Disbursement,tiekasu,,,,,,,,,,,,,,,,,,,left_only
Kpamamba,Kpamamba,Rural,Batch 3,Chereponi,37,33,Disbursement,kpamamba,E32BDA7D-8EE0-4A2D-9A9E-37F6200C9FB0,EKEMP.M8.2020,Kpamamba,6057d58843731e65,M820202206447,3.18.79,Linux,m8,M8,,android157,2025-08-02 16:13:46.270,"10.136106666666667,0.2910933333333333",2.0,0.0,2024-03-01 10:44:00,15.0,2025-04-24 05:53:00,both
Chantiisa,Chantiisa,Rural,Batch 3,Builsa North,32,32,Disbursement,chantiisa,3C896A82-FFC2-4E62-B41B-00AA809EAE71,O11019,Chantiisa,94309bcc6de01391,Y5MZLFPNH67DDQ4P,3.18.79,Linux,m8,M8,,android157,2024-01-23 09:25:56.000,"10.798701666666666,-0.864815",2.0,0.0,2022-08-15 15:40:00,15.0,2024-01-23 12:16:00,both
Kukparigu,Kukparigu,Rural,Batch 2,Binduri,29,29,Disbursement,kukparigu,,,,,,,,,,,,,,,,,,,left_only
Kuku/Zuli,Kuku/Zuli,Rural,Batch 3,Bawku Municipal,44,43,Mentoring,kukuzuli,,,,,,,,,,,,,,,,,,,left_only
Widnaba,Widnaba,Rural,Batch 2,Binduri,67,66,Disbursement,widnaba,95272A1B-763F-4F18-9C41-824B50089EF3,EKEMP.M8.2020,Widnaba,7ab89c907da9d5fd,M820202206314,3.18.79,Linux,m8,M8,,android157,2023-08-31 13:41:55.893,,2.0,0.0,2022-08-15 14:45:00,15.0,2022-08-15 14:46:00,both
Nayire(Pelungu),Nayire(Pelungu),Rural,Batch 2,Nabdam,69,69,Disbursement,nayirepelungu,7E759754-E0D7-4794-AA79-D4721290F8EF,EKEMP.M8.2020,Nayire(Pelungu),8e6603eb427a5c16,M820202206214,3.18.79,Linux,m8,M8,,android157,2022-09-27 16:20:30.000,"10.797175,-0.695822",2.0,0.0,2022-08-16 13:40:00,15.0,2022-09-27 16:43:00,both
Nkparig,Nkparig,Rural,Batch 3,Nabdam,105,105,Disbursement,nkparig,97FEF3E2-1B77-4E09-B395-A5D014048C3B,O11019,Nkparig,dbea317befc18cb0,HMWG7SVSEEHEWCLV,3.18.79,Linux,m8,M8,,android157,2025-06-02 14:17:21.693,"10.759491666666667,-0.6491766666666667",2.0,0.0,2022-08-16 14:15:00,15.0,2023-11-22 03:57:00,both
Teanoba,Teanoba,Rural,Batch 3,East Mamprusi,41,41,Disbursement,teanoba,,,,,,,,,,,,,,,,,,,left_only
Taagbini*,Taagbini*,Rural,Batch 3,East Mamprusi,59,58,Disbursement,taagbini,58469147-E58B-4C99-8E2F-E53B83A5E643,RP1A.200720.011,Taagbini*,78c396fec454260a,78c396fec454260a,4.19.127,Linux,M8,M8,,ekemp158,2025-05-03 06:48:14.970,,2.0,0.0,2024-12-13 15:07:00,15.0,2024-12-13 15:08:00,both
Nawieku,Nawieku,Rural,Batch 2,Chereponi,126,126,Disbursement,nawieku,3E29ACA5-4F75-4DF0-B45B-C3EE1EEFFB90,EKEMP.M8.2020,Nawieku,22beeee0afff10d7,M820202206389,3.18.79,Linux,m8,M8,,android157,2023-08-29 11:11:15.790,"10.13644,0.29142",2.0,0.0,2022-10-18 08:51:00,15.0,2022-11-14 10:24:00,both
Kpalugu-Terrago,Kpalugu-Terrago,Rural,Batch 3,Bawku Municipal,38,38,Mentoring,kpaluguterrago,,,,,,,,,,,,,,,,,,,left_only
Yakin 2,Yakin,Rural,Batch 3,Bawku Municipal,71,69,Mentoring,yakin 2,,,,,,,,,,,,,,,,,,,left_only
Dalaasa,Dalaasa,Rural,Batch 2,Builsa South,27,27,Disbursement,dalaasa,D85FB833-D344-41D4-8DDE-E612A765EDFD,EKEMP.M8.2020,Dalaasa,9a6951f2a8659b35,M820202206420,3.18.79,Linux,m8,M8,,android157,2024-02-10 12:27:36.000,"10.45553,-1.30557",2.0,0.0,2022-08-17 14:57:00,15.0,2024-02-10 12:39:00,both
Azongo,Azongo,Rural,Batch 2,Bawku West,33,33,Disbursement,azongo,,,,,,,,,,,,,,,,,,,left_only
Gbango (Ubango),Gbango (Ubango),Rural,Batch 2,Bawku West,36,28,Disbursement,gbango ubango,7501C036-7B1E-44DB-8A1E-29C4679C0926,EKEMP.M8.2020,Gbango (Ubango),25f247fab5c1467e,M820202206454,3.18.79,Linux,m8,M8,,android157,2023-09-23 10:31:27.250,,2.0,0.0,2022-08-17 06:21:00,15.0,2022-08-17 12:30:00,both
KAMEGA TIDAGO,KAMEGA TIDAGO,Rural,Batch 5,Bawku West,42,42,Mentoring,kamega tidago,BA632145-7924-443E-8ECA-58C31A376508,EKEMP.M8.2020,KAMEGA TIDAGO,3cd1552afac42eb6,M820202206433,3.18.79,Linux,m8,M8,,android157,2025-04-08 13:58:38.000,"10.918783333333332,-0.5131416666666666",2.0,0.0,2025-04-10 11:08:00,15.0,2025-04-10 18:06:00,both
BONGO,BONGO,Rural,Batch 5,Bongo,54,54,Mentoring,bongo,,,,,,,,,,,,,,,,,,,left_only
BILINMONSA,BILINMONSA,Rural,Batch 5,Builsa North,130,130,Mentoring,bilinmonsa,1D633640-8D35-4406-B185-3D740C7F6C17,EKEMP.M8.2020,BILINMONSA,2d4a2c28835b873c,M820202206366,3.18.79,Linux,m8,M8,,android157,2025-04-09 19:35:12.000,"10.814179999999999,-0.869695",2.0,0.0,2025-02-11 18:43:00,540.0,2025-04-16 07:40:00,both
KPUNKPANYONG,KPUNKPANYONG 2,Rural,Batch 5,Tempane,77,77,Mentoring,kpunkpanyong,AB4E5C16-F98E-486F-9AC9-6F8B776D6AF0,O11019,KPUNKPANYONG,d3bbf75033a2a7e3,BQSOGMYTGECES8J7,3.18.79,Linux,m8,M8,,android157,2025-03-21 11:48:23.123,"10.855735000000001,-0.17247833333333332",2.0,0.0,2024-07-21 21:42:00,15.0,2024-12-07 17:04:00,both
DABOYA NO.2,DABOYA NO.2,Rural,Batch 5,West Mamprusi,76,76,Mentoring,daboya no2,96F3752C-D14A-4849-B011-9132A13A078B,EKEMP.M8.2020,DABOYA NO.2,a52b628ef2378cd2,M820202206393,3.18.79,Linux,m8,M8,,android157,2025-04-09 06:26:56.917,"10.361681666666668,-0.798",2.0,0.0,2025-01-09 11:30:00,15.0,2025-03-04 15:48:00,both
Bunbuna,Bunbuna,Rural,Batch 1,Yunyoo-Nasuan District,71,33,Disbursement,bunbuna,,,,,,,,,,,,,,,,,,,left_only
Taanbiuk,Taanbiuk,Rural,Batch 1,Yunyoo-Nasuan District,138,32,Disbursement,taanbiuk,,,,,,,,,,,,,,,,,,,left_only
Pialugu,Pialugu,Rural,Batch 1,Garu,139,125,Disbursement,pialugu,,,,,,,,,,,,,,,,,,,left_only
Takore,Takore,Rural,Batch 1,Garu,26,23,Disbursement,takore,9125635D-E24E-43CC-AA90-BBE8C4096A39,RP1A.200720.011,Takore,6bd0b9a0f4a39971,unknown,4.19.127,Linux,M8,M8,,ekemp158,2024-01-10 17:51:17.000,"6.0454566666666665,0.40076666666666666",2.0,0.0,2023-06-27 12:51:00,15.0,2024-01-11 15:35:00,both
Kubore,Kubore,Rural,Batch 3,Bawku West,0,0,Disbursement,kubore,,,,,,,,,,,,,,,,,,,left_only
Sitande,Sitande,Rural,Batch 2,Bawku West,42,42,Disbursement,sitande,2747439A-7339-4A8B-932A-62496245A90D,EKEMP.M8.2020,Sitande,a779a6183b43c379,M820202206433,3.18.79,Linux,m8,M8,,android157,2022-08-17 11:19:53.997,,2.0,0.0,2022-08-17 11:20:00,15.0,2022-08-17 12:32:00,both
Zigum,Zigum,Rural,Batch 3,East Mamprusi,90,87,Disbursement,zigum,3B4DCECA-96C4-4DC2-AD76-BCF5705EB6AE,EKEMP.M8.2020,Zigum,738bb51cc83d3515,M820202206385,3.18.79,Linux,m8,M8,,android157,2024-10-17 06:12:41.620,,2.0,0.0,2024-09-17 16:38:00,15.0,2024-09-18 14:41:00,both
Jakpa,Jakpa,Rural,Batch 3,Chereponi,55,35,Disbursement,jakpa,,,,,,,,,,,,,,,,,,,left_only
Kolpelga,Kolpelga ,Rural,Batch 2,Talensi,140,140,Disbursement,kolpelga,F3BAD4EA-1EEA-4E3D-AF47-44C4C432DBA9,EKEMP.M8.2020,Kolpelga,228d595049b1de9c,M820202206355,3.18.79,Linux,m8,M8,,android157,2022-10-20 16:48:40.000,"10.798084999999999,-0.8638916666666667",2.0,0.0,2022-09-16 19:15:00,15.0,2022-10-20 16:50:00,both
Siisi,Siisi,Rural,Batch 3,Garu,29,29,Disbursement,siisi,79394717-A03A-4422-833E-346439DC1BCF,EKEMP.M8.2020,Siisi,bd74ad6c51a35730,M820202206333,3.18.79,Linux,m8,M8,,android157,2025-03-17 21:03:50.020,"10.886551666666666,-0.8853716666666667",2.0,0.0,2024-12-18 11:43:00,15.0,2025-01-20 23:53:00,both
Votukom,Votukom,Rural,Batch 2,Pusiga,107,105,Disbursement,votukom,89BF0682-83DE-4977-80F0-E034769A0746,EKEMP.M8.2020,Votukom,7891acd5fe350b59,M820202206345,3.18.79,Linux,m8,M8,,android157,2024-01-12 10:49:40.410,"11.060828333333331,-0.16283333333333333",2.0,0.0,2022-11-27 20:18:00,15.0,2023-12-06 10:51:00,both
Boya-Natinga,Boya-Natinga,Rural,Batch 3,Pusiga,35,35,Formation,boyanatinga,C11818D6-E646-4444-89B9-E6CBF7516064,EKEMP.M8.2020,Boya-Natinga,9f7ec435f874d5e0,M820202206280,3.18.79,Linux,m8,M8,,android157,2025-05-22 21:28:11.930,"11.087821666666665,-0.12973833333333334",2.0,0.0,2025-02-13 23:03:00,15.0,2025-03-13 17:18:00,both
Yirangu,Yirangu,Rural,Batch 3,Mamprugu Moagduri,76,75,Disbursement,yirangu,,,,,,,,,,,,,,,,,,,left_only
Nayoko No.1*,Nayoko No.1*,Rural,Batch 3,Binduri,21,20,Disbursement,nayoko no1,07640538-2398-406F-9407-6B4041D8887C,PPR1.180610.011,Nayoko No.1*,0e3deaf921fa81af,0e3deaf921fa81af,4.9.117+,Linux,FP-08,FP-08,,buildserver7,2024-05-06 10:36:40.853,"6.663201666666667,-1.5613033333333335",2.0,0.0,2024-03-11 23:44:00,9.0,2024-03-13 20:12:00,both
Lawook,Lawook,Rural,Batch 3,Yunyoo-Nasuan District,25,25,Disbursement,lawook,,,,,,,,,,,,,,,,,,,left_only
Jimbale - Wawa,Jimbale - Wawa,Rural,Batch 2,Yunyoo-Nasuan District,82,81,Disbursement,jimbale  wawa,3DD9A9F0-A394-4268-BC60-80C4C534B90D,O11019,Jimbale - Wawa,3220371bf93ac6cc,SKYDKFY5ROFYS4SS,3.18.79,Linux,m8,M8,,android157,2023-10-04 09:00:59.587,"10.458918333333335,0.024566666666666667",2.0,0.0,2022-10-13 10:12:00,15.0,2022-11-08 12:18:00,both
Kparivaka,Kparivaka,Rural,Batch 3,East Mamprusi,40,40,Disbursement,kparivaka,,,,,,,,,,,,,,,,,,,left_only
Danbu,Danbu,Rural,Batch 3,Chereponi,189,173,Disbursement,danbu,87B8D14B-9D82-4101-882D-508A8F3FBD4B,RP1A.200720.011,Danbu,01b549ec36c133ee,01b549ec36c133ee,4.19.127,Linux,M8,M8,,ekemp158,2025-03-16 05:06:45.337,,2.0,0.0,2024-12-04 09:42:00,576.0,2024-12-04 09:49:00,both
Menkpasir,Menkpasir,Rural,Batch 2,Garu,131,131,Disbursement,menkpasir,2FF98FCA-73A5-418C-973D-4A7BB2011408,EKEMP.M8.2020,Menkpasir,2e304101c78b030b,M820202206193,3.18.79,Linux,m8,M8,,android157,2023-09-13 21:03:07.130,"10.854683333333332,-0.18400999999999998",2.0,0.0,2022-08-15 12:19:00,15.0,2022-09-17 02:50:00,both
Komarkoum,Komarkoum,Rural,Batch 3,Garu,64,64,Disbursement,komarkoum,166D9A5C-42B4-450F-8FCC-160303E4F155,EKEMP.M8.2020,Komarkoum,dabace81b9f96c73,M820202206312,3.18.79,Linux,m8,M8,,android157,2025-03-28 17:48:15.707,,2.0,0.0,2025-01-16 11:39:00,15.0,2025-01-16 11:39:00,both
Wiesi-Yipaala,Wiesi-Yipaala,Rural,Batch 3,Builsa South,36,34,Disbursement,wiesiyipaala,DF8DAA19-0B78-415A-8159-F16B593284C5,RP1A.200720.011,Wiesi-Yipaala,851a016b252bc2f2,851a016b252bc2f2,4.19.127,Linux,M8,M8,,ekemp158,2025-03-12 09:43:59.810,,2.0,0.0,2025-02-26 14:01:00,540.0,2025-02-26 16:30:00,both
Zoo/Zubeongo,Zoo/Zubeongo,Rural,Batch 2,Talensi,81,81,Disbursement,zoozubeongo,,,,,,,,,,,,,,,,,,,left_only
Yimonsa,Yimonsa,Rural,Batch 2,Builsa North,64,62,Disbursement,yimonsa,3C896A82-FFC2-4E62-B41B-00AA809EAE71,O11019,Yimonsa,94309bcc6de01391,Y5MZLFPNH67DDQ4P,3.18.79,Linux,m8,M8,,android157,2024-01-23 09:25:56.000,"10.798701666666666,-0.864815",2.0,0.0,2022-08-15 15:40:00,15.0,2024-01-23 12:16:00,both
Sambik,Sambik,Rural,Batch 4,Yunyoo-Nasuan District,33,25,Mentoring,sambik,310065F1-939F-41B8-8F22-BF72E7797D39,RP1A.200720.011,Sambik,ae24690c2a275637,ae24690c2a275637,4.19.127,Linux,M8,M8,,ekemp158,2025-06-13 10:26:05.413,"10.482583333333332,-0.019610000000000002",2.0,0.0,2024-09-18 13:20:00,15.0,2024-09-21 09:46:00,both
Labsheika,Labsheika,Rural,Batch 4,Chereponi,20,20,Disbursement,labsheika,,,,,,,,,,,,,,,,,,,left_only
MEGOGO,MEGOGO,Rural,Batch 4,Bawku Municipal,188,188,Disbursement,megogo,1D902673-DBC8-47EA-A7D8-6D8BDC4626EE,EKEMP.M8.2020,MEGOGO,d460183770b7f45c,M820202206452,3.18.79,Linux,m8,M8,,android157,2025-06-08 10:27:36.390,"11.040099999999999,-0.2532433333333333",2.0,0.0,2024-10-22 17:16:00,15.0,2025-06-04 17:25:00,both
KULIMVAE/ZAMBALA,KULIMVAE/ZAMBALA,Rural,Batch 5,Binduri,101,101,Mentoring,kulimvaezambala,,,,,,,,,,,,,,,,,,,left_only
BOKO,BOKO,Rural,Batch 5,Binduri,126,126,Mentoring,boko,,,,,,,,,,,,,,,,,,,left_only
KUBORI,KUBORI,Rural,Batch 5,Mamprugu Moagduri,60,60,Mentoring,kubori,B5EF4CE9-7100-4100-BD94-8C6249F63C91,RP1A.200720.011,KUBORI,7695c3cb5d77c42c,7695c3cb5d77c42c,4.19.127,Linux,M8,M8,,ekemp158,2025-02-18 11:43:53.870,"10.138428333333334,-1.2944433333333334",2.0,0.0,2025-02-13 09:53:00,15.0,2025-02-13 19:21:00,both
Nanyiar,Nanyiar,Rural,Batch 1,Bunkpurugu-Nakpanduri,194,87,Disbursement,nanyiar,,,,,,,,,,,,,,,,,,,left_only
Majeefuuk,Majeefuuk,Rural,Batch 1,Yunyoo-Nasuan District,60,30,Disbursement,majeefuuk,,,,,,,,,,,,,,,,,,,left_only
Sheaga,Sheaga ,Rural,Batch 1,Talensi,126,89,Disbursement,sheaga,,,,,,,,,,,,,,,,,,,left_only
Kolmasung/Zaari/Zeseri,Kolmasung/Zaari/Zeseri,Rural,Batch 1,Garu,56,31,Disbursement,kolmasungzaarizeseri,,,,,,,,,,,,,,,,,,,left_only
Lamboya,Lamboya,Rural,Batch 3,Bawku West,45,41,Disbursement,lamboya,,,,,,,,,,,,,,,,,,,left_only
Maalnating,Maalnating,Rural,Batch 3,Garu,57,57,Disbursement,maalnating,EAE8CAE9-3AD8-455E-B063-FD95CA4D509E,EKEMP.M8.2020,Maalnating,e9d80c411a072b36,M820202206216,3.18.79,Linux,m8,M8,,android157,2025-03-11 17:08:34.467,,2.0,0.0,2025-02-14 10:52:00,540.0,2025-02-14 10:55:00,both
Naaminyala No.2,Naaminyala No.2,Rural,Batch 2,West Mamprusi,87,87,Disbursement,naaminyala no2,084A810C-B50A-423C-9B04-BAA71BB1DF94,EKEMP.M8.2020,Naaminyala No.2,e7dda440396d9995,M820202206163,3.18.79,Linux,m8,M8,,android157,2022-11-09 12:07:56.000,"10.63457,-0.857",2.0,0.0,2022-10-20 10:21:00,15.0,2022-11-09 12:14:00,both
Langbinsi/Buboazio,Langbinsi/Buboazio,Rural,Batch 2,East Mamprusi,97,96,Disbursement,langbinsibuboazio,130C3ABB-C5BE-4386-9DDE-493446B66452,EKEMP.M8.2020,Langbinsi/Buboazio,bc54b7fa85c3558d,M820202206360,3.18.79,Linux,m8,M8,,android157,2022-11-30 09:55:36.000,"10.444700000000001,-0.5614433333333333",2.0,0.0,2022-09-07 14:27:00,15.0,2022-11-30 11:48:00,both
Buug/Sawaliga,Buug/Sawaliga,Rural,Batch 3,Talensi,53,53,Disbursement,buugsawaliga,1E18F9D4-61A6-4A36-8A62-8A2CB25798F4,EKEMP.M8.2020,Buug/Sawaliga,c55b075484ff6aef,M820202206368,3.18.79,Linux,m8,M8,,android157,2025-03-29 10:25:56.217,,2.0,0.0,2025-01-20 16:37:00,15.0,2025-01-20 16:38:00,both
Nomboko,Nomboko,Rural,Batch 2,Garu,27,27,Disbursement,nomboko,,,,,,,,,,,,,,,,,,,left_only
Zongnatinga,Zongnatinga,Rural,Batch 2,Pusiga,110,109,Disbursement,zongnatinga,67089C5A-2040-4C17-916E-4F2047BFA5E8,EKEMP.M8.2020,Zongnatinga,17d668fd21ef8698,M820202206330,3.18.79,Linux,m8,M8,,android157,2024-01-18 14:19:46.923,"11.085041,-0.126963",2.0,0.0,2022-11-15 14:57:00,15.0,2023-12-19 17:40:00,both
Tesnatinga,Tesnatinga,Rural,Batch 3,Pusiga,105,105,Formation,tesnatinga,B3BC1778-F7E3-4C6F-9464-7D51FB49C954,EKEMP.M8.2020,Tesnatinga,91156f7292031eaa,M820202206330,3.18.79,Linux,m8,M8,,android157,2025-05-15 07:36:20.860,"11.0853,-0.128514",2.0,0.0,2025-01-16 14:22:00,15.0,2025-03-09 21:22:00,both
Waabuk-Zuk,Waabuk-Zuk,Rural,Batch 3,Binduri,23,23,Formation,waabukzuk,D434659C-09EB-4837-8444-3F7C5FDE809D,RP1A.200720.011,Waabuk-Zuk,6897e8e24f38af15,6897e8e24f38af15,4.19.127,Linux,M8,M8,,ekemp158,2025-04-15 22:06:11.903,"11.003435000000001,-0.310665",2.0,0.0,2025-02-11 15:58:00,540.0,2025-03-20 14:49:00,both
Tengre,Tengre,Rural,Batch 2,Nabdam,114,114,Disbursement,tengre,F9B9E4CA-EC4F-4024-AD69-E22FCCEE8473,O11019,Tengre,49c3e33f9faa90a2,ZLV85HNZBIUSFMUC,3.18.79,Linux,m8,M8,,android157,2022-09-29 23:42:46.000,"10.866476666666665,-0.7232783333333334",2.0,0.0,2022-08-16 13:15:00,15.0,2022-09-30 02:30:00,both
Binkurugu & Kparsorb,Binkurugu & Kparsorb,Rural,Batch 2,Bunkpurugu-Nakpanduri,77,41,Disbursement,binkurugu  kparsorb,6969E17E-9AC4-4A98-B22D-C74ED0E93A1C,EKEMP.M8.2020,Binkurugu & Kparsorb,127ee9dd36f44b8b,M820202206465,3.18.79,Linux,m8,M8,,android157,2022-03-03 12:10:43.000,"10.58579,-0.10711",2.0,0.0,2021-09-01 11:09:00,15.0,2022-03-03 12:12:00,both
Naagu,Naagu,Rural,Batch 3,Yunyoo-Nasuan District,40,40,Disbursement,naagu,F46E19A6-F253-4B76-BBCB-13C7528177D2,EKEMP.M8.2020,Naagu,6de9ffd856a40758,M820202206457,3.18.79,Linux,m8,M8,,android157,2025-04-07 18:53:54.370,,2.0,0.0,2025-01-12 10:50:00,15.0,2025-01-12 11:35:00,both
Nagboo,Nagboo,Rural,Batch 2,East Mamprusi,350,349,Disbursement,nagboo,4227104A-46E4-41CC-8C20-B9286A1DA0AE,EKEMP.M8.2020,Nagboo,b3718a5457823bc2,M820202206385,3.18.79,Linux,m8,M8,,android157,2022-11-10 12:21:01.000,"10.473448333333332,-0.35389333333333334",2.0,0.0,2022-10-03 16:35:00,15.0,2022-11-16 07:45:00,both
Achuma,Achuma,Rural,Batch 3,Chereponi,189,166,Disbursement,achuma,744CDFE2-4527-434D-97F3-63157CDD8AC6,O11019,Achuma,079d99df0f0f4871,FQNNVWCYUWU8JJMF,3.18.79,Linux,m8,M8,,android157,2025-06-29 18:56:54.670,,2.0,0.0,2024-10-25 10:39:00,15.0,2024-10-25 10:40:00,both
Gozesi,Gozesi,Rural,Batch 3,Garu,35,35,Disbursement,gozesi,6DCB59C9-5FFE-4D57-A903-67339ECEDC77,EKEMP.M8.2020,Gozesi,2381b4e32efab9b8,M820202206219,3.18.79,Linux,m8,M8,,android157,2025-03-11 15:11:23.540,,2.0,0.0,2025-02-14 09:50:00,540.0,2025-02-14 09:52:00,both
Doninga-Dilogsa,Doninga-Dilogsa,Rural,Batch 3,Builsa South,30,28,Disbursement,doningadilogsa,D85FB833-D344-41D4-8DDE-E612A765EDFD,EKEMP.M8.2020,Doninga-Dilogsa,9a6951f2a8659b35,M820202206420,3.18.79,Linux,m8,M8,,android157,2024-02-10 12:27:36.000,"10.45553,-1.30557",2.0,0.0,2022-08-17 14:57:00,15.0,2024-02-10 12:39:00,both
Binaba-Agaogo,Binaba-Agaogo,Rural,Batch 2,Bawku West,126,126,Disbursement,binabaagaogo,F8182622-E549-45B3-821F-BB5CD0D4A880,O11019,Binaba-Agaogo,b6b52b2dd5581ed1,VOG69S55NRGAC6WK,3.18.79,Linux,m8,M8,,android157,2023-01-17 10:30:36.000,"10.451056666666666,-1.3120383333333334",2.0,0.0,2022-07-13 11:26:00,15.0,2023-01-17 10:56:00,both
Zandoya/Yinduri,Zandoya/Yinduri,Rural,Batch 2,Talensi,94,94,Disbursement,zandoyayinduri,365EC1A1-0F41-4CE7-8B78-181DAB2A1210,O11019,Zandoya/Yinduri,b063df67013fabb9,KJTCYPNBIR6PFMBY,3.18.79,Linux,m8,M8,,android157,2023-09-25 19:52:46.313,"10.756508333333333,-0.76957",2.0,0.0,2022-10-03 21:14:00,15.0,2023-09-02 19:25:00,both
Nankirinsa,Nankirinsa,Rural,Batch 2,Builsa North,88,88,Disbursement,nankirinsa,95A59827-720C-4D5E-A1CF-6807AE527D5C,EKEMP.M8.2020,Nankirinsa,4fcffba0e381239a,M820202206377,3.18.79,Linux,m8,M8,,android157,2023-11-22 12:05:57.000,"10.730966666666665,-1.2863699999999998",2.0,0.0,2022-08-15 16:08:00,15.0,2023-11-28 12:24:00,both
Jangor-Kuak,Jangor-Kuak,Rural,Batch 4,Bunkpurugu-Nakpanduri,22,18,Disbursement,jangorkuak,,,,,,,,,,,,,,,,,,,left_only
Garinkuka,Garinkuka,Rural,Batch 4,Chereponi,43,29,Disbursement,garinkuka,,,,,,,,,,,,,,,,,,,left_only
ADABOYA,ADABOYA,Rural,Batch 4,Bongo,100,100,Mentoring,adaboya,,,,,,,,,,,,,,,,,,,left_only
AWICHANAYERI,AWICHANAYERI,Rural,Batch 4,Builsa North,153,153,Mentoring,awichanayeri,7321F573-7646-4AFB-BECA-B0865B3223D1,EKEMP.M8.2020,AWICHANAYERI,7a55e21b4259a6e8,M820202206306,3.18.79,Linux,m8,M8,,android157,2025-04-14 11:57:38.000,"10.798726666666669,-0.8648616666666666",2.0,0.0,2025-04-09 08:57:00,15.0,2025-04-14 12:20:00,both
DAGLIG-DABORIN,DAGLIG-DABORIN,Rural,Batch 4,Nabdam,80,80,Mentoring,dagligdaborin,,,,,,,,,,,,,,,,,,,left_only
YARIGU,YARIGU,Rural,Batch 5,Bawku West,44,44,Mentoring,yarigu,357E6E3B-DF04-4BF5-99ED-14DF2BE15DA1,EKEMP.M8.2020,YARIGU,49b10496242be02c,M820202206431,3.18.79,Linux,m8,M8,,android157,2025-04-10 14:31:07.000,"10.932,-0.5007266666666667",2.0,0.0,2025-02-11 17:03:00,15.0,2025-04-11 15:59:00,both
FUMBISI*,FUMBISI,Rural,Batch 5,Builsa South,9,9,Mentoring,fumbisi,,,,,,,,,,,,,,,,,,,left_only
KPANABONG,KPANABONG,Rural,Batch 5,Chereponi,31,31,Disbursement,kpanabong,,,,,,,,,,,,,,,,,,,left_only
KANTOSIFONG,KANTOSIFONG,Rural,Batch 5,Mamprugu Moagduri,82,82,Mentoring,kantosifong,,,,,,,,,,,,,,,,,,,left_only
NAMONGO,NAMONGO,Rural,Batch 5,Yunyoo-Nasuan District,105,105,Disbursement,namongo,9D75433A-2E6E-4911-88E6-17C263586476,O11019,NAMONGO,e7d28c41ed1aa33a,I7V8JBOZY9WGRW5D,3.18.79,Linux,m8,M8,,android157,2024-09-03 10:25:34.333,"10.434776666666668,-0.11682166666666666",2.0,0.0,2024-02-28 12:59:00,15.0,2024-09-03 10:25:00,both
TAKORAYIRI,TAKORAYIRI,Rural,Batch 5,West Mamprusi,63,63,Mentoring,takorayiri,96F3752C-D14A-4849-B011-9132A13A078B,EKEMP.M8.2020,TAKORAYIRI,a52b628ef2378cd2,M820202206393,3.18.79,Linux,m8,M8,,android157,2025-04-09 06:26:56.917,"10.361681666666668,-0.798",2.0,0.0,2025-01-09 11:30:00,15.0,2025-03-04 15:48:00,both
ANAFOBIISI KANSERENGA,ANAFOBIISI KANSERENGA,Rural,Batch 5,Bongo,44,44,Disbursement,anafobiisi kanserenga,C7507DC4-7F2C-465E-8EC6-B19A1FD48B97,EKEMP.M8.2020,ANAFOBIISI KANSERENGA,96224a0fb9da3a01,M820202206389,3.18.79,Linux,m8,M8,,android157,2025-03-28 19:49:23.617,"10.914436666666665,-0.8056983333333334",2.0,0.0,2024-11-29 16:58:00,15.0,2025-03-15 18:35:00,both
KORIG/GBAMBEI,KORIG/GBAMBEI,Rural,Batch 5,Talensi,67,67,Mentoring,koriggbambei,,,,,,,,,,,,,,,,,,,left_only
BENGURI (MAALNATING),BENGURI (MAALNATING),Rural,Batch 5,Garu,70,70,Mentoring,benguri maalnating,,,,,,,,,,,,,,,,,,,left_only
Soe,Soe,Rural,Batch 5,Bongo,9,9,Disbursement,soe,,,,,,,,,,,,,,,,,,,left_only
SANDEMA-KORI,SANDEMA-KORI,Rural,Batch 5,Builsa North,59,59,Disbursement,sandemakori,56C1CC27-39C3-40D0-A40B-E2DFCC3D3FA5,EKEMP.M8.2020,SANDEMA-KORI,a9cfa04c9879f4ba,M820202206153,3.18.79,Linux,m8,M8,,android157,2025-05-10 10:01:33.810,"10.7237,-1.28304",2.0,0.0,2025-04-15 12:03:00,15.0,2025-04-15 12:18:00,both
Gambaga - Zimasa,GAMBAGA-ZIMASA,Rural,Batch 5,East Mamprusi,85,85,Disbursement,gambaga  zimasa,,,,,,,,,,,,,,,,,,,left_only
Ajengo Natinga- Tesnatinga,Ajengo Natinga,Rural,Batch 5,Pusiga,121,121,Formation,ajengo natinga tesnatinga,C11818D6-E646-4444-89B9-E6CBF7516064,EKEMP.M8.2020,Ajengo Natinga- Tesnatinga,9f7ec435f874d5e0,M820202206280,3.18.79,Linux,m8,M8,,android157,2025-05-22 21:28:11.930,"11.087821666666665,-0.12973833333333334",2.0,0.0,2025-02-13 23:03:00,15.0,2025-03-13 17:18:00,both
MUTIENSA,MUTIENSA,Rural,Batch 5,Builsa North,130,130,Disbursement,mutiensa,99CA79DC-0C0C-499B-B28F-208C59BC4766,O11019,MUTIENSA,19096df302dac248,Y5MZLFPNH67DDQ4P,3.18.79,Linux,m8,M8,,android157,2025-06-09 13:20:28.293,,2.0,0.0,2025-04-03 17:39:00,15.0,2025-04-03 17:45:00,both
DOBA CLUSTER,DOBA GORUM,Urban,Batch 5,Kassena-Nankana Municipal,115,115,Formation,doba cluster,B120A33F-34E5-4770-9CAC-4034F75DA040,RP1A.200720.011,DOBA CLUSTER,988acbe1fb066070,988acbe1fb066070,4.19.127,Linux,FP08,FP08,,hby,2025-08-14 13:42:42.817,"10.434093333333331,-0.45991666666666664",2.0,0.0,2025-03-20 06:51:00,15.0,2025-03-23 22:38:00,both
GUMONGO CLUSTER,SAFORO,Urban,Batch 5,Kassena-Nankana Municipal,79,79,Formation,gumongo cluster,29C35B0E-BFB5-4B37-A2DD-ED616435BE53,PPR1.180610.011,GUMONGO CLUSTER,34b1ed4822c4d294,34b1ed4822c4d294,4.9.117+,Linux,FP-08,FP-08,,buildserver6,2025-08-14 11:56:55.233,"10.8988267,-1.0910141",2.0,0.0,2024-12-10 08:18:00,15.0,2025-06-06 09:31:00,both
BONIA CLUSTER,BONIA*,Urban,Batch 5,Kassena-Nankana Municipal,105,105,Formation,bonia cluster,7A08563A-202A-444E-9B99-0A2527022CA1,RP1A.200720.011,BONIA CLUSTER,0259ea14b30a8ad9,0259ea14b30a8ad9,4.19.127,Linux,FP08,FP08,,hby,2025-08-15 14:03:07.417,,2.0,0.0,2025-03-21 11:44:00,15.0,2025-03-21 11:45:00,both
TEMPELA- WULUGU,TEMPELA- WULUGU,Rural,Batch 5,West Mamprusi,70,70,Disbursement,tempela wulugu,EE3D8502-7B50-4DA8-8C69-748224E4148F,PPR1.180610.011,TEMPELA- WULUGU,9c44bfe2495b0fc1,9c44bfe2495b0fc1,4.9.117+,Linux,FP-08,FP-08,,buildserver6,2025-03-24 10:49:47.770,,2.0,0.0,2025-03-18 07:55:00,576.0,2025-03-19 08:50:00,both
JILIG  CHINTINLONG  NO. 2,JILIG  CHINTINLONG  NO. 2,Rural,Batch 5,Bunkpurugu-Nakpanduri,68,68,Formation,jilig chintinlong no 2,A1454ECC-98D4-4846-98B3-288BAE0C66F9,PPR1.180610.011,JILIG  CHINTINLONG  NO. 2,cb82522fd6a62e66,cb82522fd6a62e66,4.9.117+,Linux,FP-08,FP-08,,buildserver7,2025-01-05 20:53:26.000,"10.515023333333334,0.09400333333333334",2.0,0.0,2024-12-03 06:17:00,15.0,2025-06-10 14:04:00,both
BONGO DA PWD cluster A,Ayelbia,Rural,Batch 6 (PWD),Bongo,7,7,Planning,bongo da pwd cluster a,FCFC7564-81B7-40C4-9BFD-CFDB37DE7ADB,RP1A.200720.011,BONGO DA PWD cluster A,6ddb67d9979910ab,6ddb67d9979910ab,4.19.127,Linux,FP08,FP08,,hby,2025-04-10 05:19:47.000,"10.931500000000002,-0.81752",2.0,0.0,2025-03-14 14:40:00,15.0,2025-04-11 08:15:00,both
PUSIGA DA PWD cluster B,Gareke,Rural,Batch 6 (PWD),Pusiga,6,6,Enrolment,pusiga da pwd cluster b,,,,,,,,,,,,,,,,,,,left_only
BUNKPURUGU DA PWD cluster A,Kpentaug,Rural,Batch 6 (PWD),Bunkpurugu-Nakpanduri,13,9,Planning,bunkpurugu da pwd cluster a,,,,,,,,,,,,,,,,,,,left_only
NABDAM DA PWD cluster B,Kparipii/Yakote,Rural,Batch 6 (PWD),Nabdam,6,6,Enrolment,nabdam da pwd cluster b,1EB1B771-B10E-4C39-8B5C-EEC050FBCED9,RP1A.200720.011,NABDAM DA PWD cluster B,451116415e86242f,451116415e86242f,4.19.127,Linux,FP08,FP08,,hby,2025-05-29 15:05:59.953,"10.841526666666669,-0.70765",2.0,0.0,2025-03-22 18:34:00,15.0,2025-05-29 14:50:00,both
ZEMASAH,ZEMASAH,Rural,Batch 5,Bawku Municipal,122,122,Mentoring,zemasah,,,,,,,,,,,,,,,,,,,left_only
JAGSA-GUUTA,JAGSA-GUUTA,Rural,Batch 5,Builsa South,28,28,Mentoring,jagsaguuta,199EDE83-A0CE-40D6-9A42-70CD79C06A94,RP1A.200720.011,JAGSA-GUUTA,10f9599d270d2361,10f9599d270d2361,4.19.127,Linux,M8,M8,,ekemp158,2025-02-19 11:10:19.000,"10.445646666666669,-1.3168966666666666",2.0,0.0,2024-10-22 17:00:00,15.0,2025-02-19 11:17:00,both
NAYINBERUK  NAKPANBAUK,NAYINBERUK  NAKPANBAUK,Rural,Batch 5,Bunkpurugu-Nakpanduri,72,72,Mentoring,nayinberuk nakpanbauk,2972F447-DC4B-43FC-9868-94310212E109,RP1A.200720.011,NAYINBERUK  NAKPANBAUK,95a7a98a9f478fab,95a7a98a9f478fab,4.19.127,Linux,M8,M8,,ekemp158,2025-07-15 09:12:33.000,"10.62747,-0.07067833333333334",2.0,0.0,2024-12-15 14:36:00,540.0,2025-07-16 00:40:00,both
KULTISI,KULTISI,Rural,Batch 5,Pusiga,43,43,Mentoring,kultisi,C11818D6-E646-4444-89B9-E6CBF7516064,EKEMP.M8.2020,KULTISI,9f7ec435f874d5e0,M820202206280,3.18.79,Linux,m8,M8,,android157,2025-05-22 21:28:11.930,"11.087821666666665,-0.12973833333333334",2.0,0.0,2025-02-13 23:03:00,15.0,2025-03-13 17:18:00,both
SEPAART/BUUN,SEPAART/BUUN,Rural,Batch 5,Talensi,25,25,Disbursement,sepaartbuun,3D70B9F6-D50A-4673-A05B-F53BED3DDA33,RP1A.200720.011,SEPAART/BUUN,613c65bac24adf63,613c65bac24adf63,4.19.127,Linux,M8,M8,,ekemp158,2025-05-07 11:25:26.093,"10.701688333333333,-0.8041133333333333",2.0,0.0,2025-01-22 14:41:00,15.0,2025-02-20 14:04:00,both
KPALWEGA,KPALWEGA,Rural,Batch 5,Bawku Municipal,172,172,Mentoring,kpalwega,,,,,,,,,,,,,,,,,,,left_only
AZUPUPUN GA,AZUPUPUN GA,Rural,Batch 5,Bawku West,44,44,Mentoring,azupupun ga,17DCCE93-D8CD-4B43-92A3-65128F637F63,EKEMP.M8.2020,AZUPUPUN GA,c140fea636fcfc2b,M820202206331,3.18.79,Linux,m8,M8,,android157,2025-04-10 17:58:56.000,"10.931458333333333,-0.5015483333333334",2.0,0.0,2025-04-10 11:11:00,15.0,2025-04-10 18:02:00,both
BAGHE,BAGHE,Rural,Batch 5,Tempane,26,26,Mentoring,baghe,2BEE7C46-4CFA-4105-A031-CA5ECAB0CDED,EKEMP.M8.2020,BAGHE,7375a8bbbc0b0a1b,M820202206434,3.18.79,Linux,m8,M8,,android157,2024-12-03 17:21:58.300,"10.86483,-0.180555",2.0,0.0,2024-10-31 16:41:00,540.0,2024-12-03 08:10:00,both
ARUGBAL,ARUGBAL,Rural,Batch 5,Tempane,64,64,Disbursement,arugbal,D2A06FCC-54CA-47ED-BD13-580679DF0823,PPR1.180610.011,ARUGBAL,6c438929be4ba0aa,6c438929be4ba0aa,4.9.117+,Linux,FP-08,FP-08,,buildserver6,2025-03-01 12:19:48.000,"10.932391666666668,-0.066835",2.0,0.0,2024-07-18 11:41:00,15.0,2025-03-06 12:51:00,both
GINBANDE,GINBANDE,Rural,Batch 5,Bawku Municipal,164,164,Disbursement,ginbande,,,,,,,,,,,,,,,,,,,left_only
SUMBRUNGU CLUSTER (B),SUMBRUNGU AGUSI NAYIRE,Urban,Batch 5,Bolgatanga Municipal,149,149,Disbursement,sumbrungu cluster b,2EA48D95-7708-4D36-AEE4-363E4155629F,PPR1.180610.011,SUMBRUNGU CLUSTER (B),9584abcdc0299dba,9584abcdc0299dba,4.9.117+,Linux,FP-08,FP-08,,buildserver7,2025-04-28 06:38:39.733,"10.867511666666667,-0.9203266666666666",2.0,0.0,2024-11-29 19:38:00,15.0,2025-04-14 13:16:00,both
NAVRONGO CLUSTER,KONGWANIA,Urban,Batch 5,Kassena-Nankana Municipal,39,39,Formation,navrongo cluster,8D83F1AB-B8C7-450E-875F-AE5C33A12D25,PPR1.180610.011,NAVRONGO CLUSTER,89a620054e9eb445,89a620054e9eb445,4.9.117+,Linux,FP-08,FP-08,,buildserver6,2025-07-22 11:06:42.860,"10.8989247,-1.0909863",2.0,0.0,2025-03-14 10:55:00,15.0,2025-07-22 11:06:00,both
WUSUNGU CLUSTER,UPPER TELANIA,Urban,Batch 5,Kassena-Nankana Municipal,82,82,Formation,wusungu cluster,1CF023DC-13F2-467E-9C34-AF77EC19ABE8,RP1A.200720.011,WUSUNGU CLUSTER,0e2125d0915c6714,0e2125d0915c6714,4.19.127,Linux,FP08,FP08,,hby,2025-08-17 15:10:42.413,"10.481373333333332,-0.016993333333333336",2.0,0.0,2025-03-20 16:42:00,15.0,2025-04-10 07:51:00,both
JANANIA CLUSTER,JANANIA,Urban,Batch 5,Kassena-Nankana Municipal,117,117,Formation,janania cluster,B0945DBD-2F75-4A6D-B0DB-E83602FA8AFB,PPR1.180610.011,JANANIA CLUSTER,fd3c4c6689c5bb9c,fd3c4c6689c5bb9c,4.9.117+,Linux,FP-08,FP-08,,buildserver6,2025-06-20 12:12:22.000,"10.849526666666668,-1.07042",2.0,0.0,2025-03-14 14:02:00,15.0,2025-08-22 04:01:00,both
PAPAYE,PAPAYE,Rural,Batch 5,Chereponi,88,83,Disbursement,papaye,,,,,,,,,,,,,,,,,,,left_only
BULUGU POYAMIRE,BULUGU POYAMIRE,Rural,Batch 5,Binduri,72,72,Formation,bulugu poyamire,BDCF4828-C525-4E1C-8991-D9084786034D,PPR1.180610.011,BULUGU POYAMIRE,a0e331e9975d899b,a0e331e9975d899b,4.9.117+,Linux,FP-08,FP-08,,buildserver6,2025-03-24 12:18:50.480,,2.0,0.0,2024-07-09 17:05:00,576.0,2024-07-09 17:08:00,both
BONGO DA PWD cluster B,Ayelbia,Rural,Batch 6 (PWD),Bongo,2,2,Planning,bongo da pwd cluster b,BCBE72A0-A58B-428E-8849-5AB045EAC506,RP1A.200720.011,BONGO DA PWD cluster B,30ebf684440338e9,30ebf684440338e9,4.19.127,Linux,FP08,FP08,,hby,2025-04-07 10:18:29.000,"10.89232,-0.81147",2.0,0.0,2025-02-20 13:53:00,15.0,2025-04-11 08:13:00,both
BUILSA NORTH DA PWD cluster B,Chuchuliga/Awenaguuk,Rural,Batch 6 (PWD),Builsa North,4,4,Enrolment,builsa north da pwd cluster b,C8626A21-F96E-428F-AF67-A6A20E35DDEC,RP1A.200720.011,BUILSA NORTH DA PWD cluster B,ccb7d33e48f74308,ccb7d33e48f74308,4.19.127,Linux,FP08,FP08,,hby,2025-03-28 10:57:02.000,"10.729858333333334,-1.2863583333333333",2.0,0.0,2025-03-21 17:14:00,15.0,2025-03-28 11:01:00,both
TALENSI DA PWD cluster A,Gbeogo,Rural,Batch 6 (PWD),Talensi,0,0,Planning,talensi da pwd cluster a,E41A717C-9A1B-41FC-9B93-5D801CF88E0C,RP1A.200720.011,TALENSI DA PWD cluster A,af2dee31838a1357,af2dee31838a1357,4.19.127,Linux,FP08,FP08,,hby,2025-03-25 14:14:06.973,,2.0,0.0,2025-03-25 14:09:00,15.0,2025-03-25 14:10:00,both
NABDAM DA PWD cluster A,Kparipii/Yakote,Rural,Batch 6 (PWD),Nabdam,5,5,Planning,nabdam da pwd cluster a,,,,,,,,,,,,,,,,,,,left_only
SABISI CLUSTER,SABISI NYOGISI,Urban,Batch 5,Kassena-Nankana Municipal,0,0,Planning,sabisi cluster,,,,,,,,,,,,,,,,,,,left_only
Bimbagu  Jandering,Bimbagu,Rural,Batch 4,Bunkpurugu-Nakpanduri,145,138,Disbursement,bimbagu jandering,,,,,,,,,,,,,,,,,,,left_only
Kukore,Kukore,Rural,Batch 4,Bawku West,38,30,Disbursement,kukore,,,,,,,,,,,,,,,,,,,left_only
ZANWARA,ZANWARA,Rural,Batch 4,Mamprugu Moagduri,54,54,Mentoring,zanwara,866F5912-7A1F-4453-87AE-C8B84AE435FB,EKEMP.M8.2020,ZANWARA,13194638bec000b0,M820202206221,3.18.79,Linux,m8,M8,,android157,2025-03-05 12:09:20.143,"10.239976666666667,-1.273985",2.0,0.0,2025-02-13 20:03:00,15.0,2025-02-17 11:27:00,both
BENGULA,BENGULA,Rural,Batch 4,Pusiga,85,85,Mentoring,bengula,,,,,,,,,,,,,,,,,,,left_only
FILASU,FILASU,Rural,Batch 5,Chereponi,95,95,Mentoring,filasu,24340175-B931-41AE-AE14-56FB8B2CE140,EKEMP.M8.2020,FILASU,cdaf2009151e05f6,M820202206447,3.18.79,Linux,m8,M8,,android157,2025-09-10 08:37:18.840,"10.136658333333333,0.2856366666666667",2.0,0.0,2025-08-19 06:50:00,576.0,2025-09-05 08:08:00,both
GBANGU,GBANGU,Rural,Batch 5,East Mamprusi,152,152,Mentoring,gbangu,,,,,,,,,,,,,,,,,,,left_only
NANGOGODI-DABORIN,NANGOGODI-DABORIN,Rural,Batch 5,Nabdam,84,84,Mentoring,nangogodidaborin,6DFA61CC-A60D-4963-9E97-71D9893B3707,EKEMP.M8.2020,NANGOGODI-DABORIN,cf523cf77c0eb5c1,M820202206218,3.18.79,Linux,m8,M8,,android157,2025-07-12 02:21:33.000,"10.793556666666666,-0.8519266666666667",2.0,0.0,2025-06-09 11:14:00,15.0,2025-07-13 02:28:00,both
WIDIATIKORA,WIDIATIKORA,Rural,Batch 5,Pusiga,156,156,Mentoring,widiatikora,B3BC1778-F7E3-4C6F-9464-7D51FB49C954,EKEMP.M8.2020,WIDIATIKORA,91156f7292031eaa,M820202206330,3.18.79,Linux,m8,M8,,android157,2025-05-15 07:36:20.860,"11.0853,-0.128514",2.0,0.0,2025-01-16 14:22:00,15.0,2025-03-09 21:22:00,both
SAMBOLGO,SAMBOLGO,Rural,Batch 5,Bongo,72,72,Mentoring,sambolgo,C7507DC4-7F2C-465E-8EC6-B19A1FD48B97,EKEMP.M8.2020,SAMBOLGO,96224a0fb9da3a01,M820202206389,3.18.79,Linux,m8,M8,,android157,2025-03-28 19:49:23.617,"10.914436666666665,-0.8056983333333334",2.0,0.0,2024-11-29 16:58:00,15.0,2025-03-15 18:35:00,both
BADOMSA,BADOMSA,Rural,Batch 5,Builsa North,166,166,Mentoring,badomsa,B3FDA9D6-E82B-4FB1-9075-1B98D867CB14,RP1A.200720.011,BADOMSA,6f7f466d82160005,6f7f466d82160005,4.19.127,Linux,FP08,FP08,,hby,2025-06-19 14:08:41.370,"5.5463925,-0.3210446",2.0,0.0,2025-04-28 17:22:00,15.0,2025-05-01 12:49:00,both
NABOK,NABOK,Rural,Batch 5,Nabdam,76,76,Mentoring,nabok,,,,,,,,,,,,,,,,,,,left_only
YARIGA NO 2,YARIGA NO 2,Rural,Batch 5,Pusiga,99,99,Mentoring,yariga no 2,,,,,,,,,,,,,,,,,,,left_only
OMATI,OMATI,Rural,Batch 5,Chereponi,107,107,Disbursement,omati,24340175-B931-41AE-AE14-56FB8B2CE140,EKEMP.M8.2020,OMATI,cdaf2009151e05f6,M820202206447,3.18.79,Linux,m8,M8,,android157,2025-09-10 08:37:18.840,"10.136658333333333,0.2856366666666667",2.0,0.0,2025-08-19 06:50:00,576.0,2025-09-05 08:08:00,both
NAKAMBO,NAKAMBO,Rural,Batch 5,Pusiga,59,59,Formation,nakambo,,,,,,,,,,,,,,,,,,,left_only
CHONDEMA,CHONDEMA,Rural,Batch 5,Builsa North,138,138,Disbursement,chondema,7F7F4CC3-A9B0-445A-ACD2-CBA465D589DD,EKEMP.M8.2020,CHONDEMA,b87b9aa75cef00e7,M820202206142,3.18.79,Linux,m8,M8,,android157,2025-05-12 13:28:31.207,"10.730044999999999,-1.286805",2.0,0.0,2024-03-04 16:54:00,15.0,2025-05-12 13:11:00,both
YOROGO CLUSTER (C),YOROBULUGU,Urban,Batch 5,Bolgatanga Municipal,95,95,Disbursement,yorogo cluster c,4ED71F99-5E21-46FF-8A38-035FFBA494D0,PPR1.180610.011,YOROGO CLUSTER (C),bc544f05a54d57d6,bc544f05a54d57d6,4.9.117+,Linux,FP-08,FP-08,,buildserver7,2025-07-10 13:05:06.943,"10.798593333333335,-0.8660683333333333",2.0,0.0,2024-08-26 17:05:00,315.0,2025-04-19 23:59:00,both
SHERIGU CLUSTER (E),ABONGABISI,Urban,Batch 5,Bolgatanga Municipal,157,157,Disbursement,sherigu cluster e,1602D2BD-E902-4AE5-BAB1-3F5EE41052C5,PPR1.180610.011,SHERIGU CLUSTER (E),3e1d2d201aea6283,3e1d2d201aea6283,4.9.117+,Linux,FP-08,FP-08,,buildserver6,2025-06-26 17:59:30.307,"10.771510000000001,-0.8896516666666667",2.0,0.0,2024-12-04 16:57:00,15.0,2025-04-17 19:49:00,both
MANYORO CLUSTER,MAMYORO GWOARE,Urban,Batch 5,Kassena-Nankana Municipal,131,131,Formation,manyoro cluster,2B989470-1B66-4D72-98E2-A301B8A1C7D1,PPR1.180610.011,MANYORO CLUSTER,358bab468ecdd600,358bab468ecdd600,4.9.117+,Linux,FP-08,FP-08,,buildserver6,2025-07-13 14:51:59.000,"10.982393333333334,-0.984935",2.0,0.0,2025-03-03 15:16:00,15.0,2025-08-22 09:39:00,both
NAAGA CLUSTER,NAAGA CHAABA,Urban,Batch 5,Kassena-Nankana Municipal,73,73,Formation,naaga cluster,8E3C98EC-7A0C-4B9B-B04B-EB9EBB1068F0,PPR1.180610.011,NAAGA CLUSTER,85715cbf89963077,85715cbf89963077,4.9.117+,Linux,FP-08,FP-08,,buildserver6,2025-08-26 11:13:19.690,"10.602491666666667,-1.026945",2.0,0.0,2025-01-11 21:19:00,15.0,2025-08-26 11:10:00,both
SHELINVOYA,SHELINVOYA,Rural,Batch 5,West Mamprusi,121,121,Disbursement,shelinvoya,B91316A0-FA06-412C-AEF6-DBE10CCA3038,PPR1.180610.011,SHELINVOYA,8101b83d9f52674c,8101b83d9f52674c,4.9.117+,Linux,FP-08,FP-08,,buildserver6,2025-04-11 12:44:13.063,"10.356348333333333,-0.7862950000000001",2.0,0.0,2024-07-08 08:35:00,15.0,2025-02-03 10:51:00,both
JIMBILI,JIMBILI,Rural,Batch 5,Chereponi,47,47,Disbursement,jimbili,744CDFE2-4527-434D-97F3-63157CDD8AC6,O11019,JIMBILI,079d99df0f0f4871,FQNNVWCYUWU8JJMF,3.18.79,Linux,m8,M8,,android157,2025-06-29 18:56:54.670,,2.0,0.0,2024-10-25 10:39:00,15.0,2024-10-25 10:40:00,both
PUSIGA DA PWD cluster A,Gareke,Rural,Batch 6 (PWD),Pusiga,33,33,Enrolment,pusiga da pwd cluster a,36FE9D64-F4DE-4504-AF2E-DF33448B9458,RP1A.200720.011,PUSIGA DA PWD cluster A,6888fb42e24f5755,6888fb42e24f5755,4.19.127,Linux,FP08,FP08,,hby,2025-04-15 07:30:49.337,,2.0,0.0,2025-04-04 15:50:00,15.0,2025-04-04 16:08:00,both
TEMPANE DA PWD cluster A,Bugpiigu ,Rural,Batch 6 (PWD),Tempane,0,0,Planning,tempane da pwd cluster a,A2D9293C-07BC-46EE-822A-CB1D3C98CBA1,RP1A.200720.011,TEMPANE DA PWD cluster A,d7881d87de930005,d7881d87de930005,4.19.127,Linux,FP08,FP08,,hby,2025-03-22 11:50:03.243,,2.0,0.0,2025-03-22 06:38:00,15.0,2025-03-22 06:39:00,both
YUNYOO-NASUAN DA PWD cluster B,Majeefuuk,Rural,Batch 6 (PWD),Yunyoo-Nasuan District,47,47,Planning,yunyoonasuan da pwd cluster b,,,,,,,,,,,,,,,,,,,left_only
BUNKPURUGU DA PWD cluster B,Kpentaug,Rural,Batch 6 (PWD),Bunkpurugu-Nakpanduri,20,14,Planning,bunkpurugu da pwd cluster b,F545BD21-B5ED-4237-A0B6-06A27C00A231,RP1A.200720.011,BUNKPURUGU DA PWD cluster B,cb9271f61d4349ff,cb9271f61d4349ff,4.19.127,Linux,FP08,FP08,,hby,2025-06-02 11:31:11.030,"10.584363333333332,-0.104745",2.0,0.0,2025-03-21 17:32:00,15.0,2025-03-28 22:17:00,both
KULGONA,KULGONA,Rural,Batch 4,East Mamprusi,165,165,Mentoring,kulgona,,,,,,,,,,,,,,,,,,,left_only
BAARE SAKPARI,BAARE SAKPARI,Rural,Batch 4,Talensi,75,75,Mentoring,baare sakpari,ABE9884E-5673-4968-9B0E-5DDEDF0D3AC1,RP1A.200720.011,BAARE SAKPARI,6e9d56686a4ed825,6e9d56686a4ed825,4.19.127,Linux,M8,M8,,ekemp158,2025-04-17 08:37:32.723,"10.741466666666668,-0.7973533333333334",2.0,0.0,2024-02-20 10:20:00,540.0,2025-02-20 14:08:00,both
SABEOGO,SABEOGO,Rural,Batch 5,Bawku West,22,22,Mentoring,sabeogo,12ADED7D-F610-4BF5-AFDA-AF4765F168A7,RP1A.200720.011,SABEOGO,0e271e84b079fa22,0e271e84b079fa22,4.19.127,Linux,FP08,FP08,,hby,2025-04-10 17:52:16.000,"10.932148333333336,-0.5004149999999999",2.0,0.0,2024-10-09 15:23:00,576.0,2025-04-10 17:59:00,both
ABILYERI-ZONGO,ABILYERI-ZONGO,Rural,Batch 5,Builsa North,108,108,Disbursement,abilyerizongo,,,,,,,,,,,,,,,,,,,left_only
ASYLUM-DOWN,ASYLUM-DOWN,Rural,Batch 5,Chereponi,118,118,Disbursement,asylumdown,744CDFE2-4527-434D-97F3-63157CDD8AC6,O11019,ASYLUM-DOWN,079d99df0f0f4871,FQNNVWCYUWU8JJMF,3.18.79,Linux,m8,M8,,android157,2025-06-29 18:56:54.670,,2.0,0.0,2024-10-25 10:39:00,15.0,2024-10-25 10:40:00,both
GBANDABILA,GBANDABILA,Rural,Batch 5,East Mamprusi,79,79,Mentoring,gbandabila,,,,,,,,,,,,,,,,,,,left_only
NGBERIBOK,NGBERIBOK,Rural,Batch 5,Nabdam,107,107,Mentoring,ngberibok,620C3BB6-9426-458E-915C-9B86BDA56EA8,RP1A.200720.011,NGBERIBOK,ff00fdac8c57a0ff,ff00fdac8c57a0ff,4.19.127,Linux,M8,M8,,ekemp158,2025-05-08 10:25:43.000,"10.79912,-0.8632583333333332",2.0,0.0,2025-01-15 13:30:00,15.0,2025-05-08 10:32:00,both
SILINGA,SILINGA,Rural,Batch 5,West Mamprusi,56,56,Mentoring,silinga,41529F7E-9A9F-4713-AA18-67087E80714A,EKEMP.M8.2020,SILINGA,1385ee1cc50f857b,M820202206399,3.18.79,Linux,m8,M8,,android157,2025-03-20 19:13:50.543,"10.345198333333334,-0.7984600000000001",2.0,0.0,2025-01-21 16:01:00,15.0,2025-02-19 18:55:00,both
KALBOYIRI,KALBOYIRI,Rural,Batch 5,East Mamprusi,77,77,Disbursement,kalboyiri,5811B1B3-D22B-4112-8725-4CECD06AA7CB,O11019,KALBOYIRI,1f83577837fa3cee,ZLV85HNZBIUSFMUC,3.18.79,Linux,m8,M8,,android157,2025-05-07 10:31:34.607,,2.0,0.0,2024-12-13 15:24:00,15.0,2024-12-13 15:25:00,both
GBINGBANE,GBINGBANE,Rural,Batch 5,Yunyoo-Nasuan District,0,0,Planning,gbingbane,,,,,,,,,,,,,,,,,,,left_only
TIEDEMA,TIEDEMA,Rural,Batch 5,Builsa North,120,120,Mentoring,tiedema,,,,,,,,,,,,,,,,,,,left_only
KAMPOUD,KAMPOUD,Rural,Batch 5,Pusiga,62,62,Mentoring,kampoud,B3BC1778-F7E3-4C6F-9464-7D51FB49C954,EKEMP.M8.2020,KAMPOUD,91156f7292031eaa,M820202206330,3.18.79,Linux,m8,M8,,android157,2025-05-15 07:36:20.860,"11.0853,-0.128514",2.0,0.0,2025-01-16 14:22:00,15.0,2025-03-09 21:22:00,both
WENCHIKI,WENCHIKI,Rural,Batch 5,Chereponi,149,149,Disbursement,wenchiki,,,,,,,,,,,,,,,,,,,left_only
UWASI,UWASI ABAAYERIL,Rural,Batch 5,Builsa South,144,144,Disbursement,uwasi,,,,,,,,,,,,,,,,,,,left_only
SUKPENDI,SUKPENDI,Rural,Batch 5,Chereponi,38,38,Disbursement,sukpendi,,,,,,,,,,,,,,,,,,,left_only
TAMBIIGO,TAMBIIGO,Rural,Batch 5,Pusiga,73,73,Formation,tambiigo,C11818D6-E646-4444-89B9-E6CBF7516064,EKEMP.M8.2020,TAMBIIGO,9f7ec435f874d5e0,M820202206280,3.18.79,Linux,m8,M8,,android157,2025-05-22 21:28:11.930,"11.087821666666665,-0.12973833333333334",2.0,0.0,2025-02-13 23:03:00,15.0,2025-03-13 17:18:00,both
KULBIA CLUSTER (D),KULBIA*,Urban,Batch 5,Bolgatanga Municipal,168,168,Disbursement,kulbia cluster d,F3F0859C-88B1-40FD-A4B0-02080C2648A7,PPR1.180610.011,KULBIA CLUSTER (D),f44e19096e5df8d0,f44e19096e5df8d0,4.9.117+,Linux,FP-08,FP-08,,buildserver6,2025-04-16 17:15:59.000,"10.7987208,-0.8648055",2.0,0.0,2024-12-04 17:08:00,15.0,2025-04-16 17:23:00,both
BIU CLUSTER,KAPANIA,Urban,Batch 5,Kassena-Nankana Municipal,52,52,Formation,biu cluster,7F3DD357-19B1-4F33-B606-228E22363471,PPR1.180610.011,BIU CLUSTER,4e8965c86fce8ba5,4e8965c86fce8ba5,4.9.117+,Linux,FP-08,FP-08,,buildserver7,2025-06-06 12:19:02.000,"10.784473333333334,-1.1002566666666667",2.0,0.0,2024-12-10 08:24:00,15.0,2025-08-14 14:06:00,both
YUA CLUSTER,YUA ATIZIGABISI,Urban,Batch 5,Kassena-Nankana Municipal,153,153,Formation,yua cluster,4E8D38FF-03C8-4004-B71E-E7A5930BA15E,PPR1.180610.011,YUA CLUSTER,603d0b6597b8b297,603d0b6597b8b297,4.9.117+,Linux,FP-08,FP-08,,buildserver7,2025-09-01 17:15:53.653,"10.98949,-0.9584916666666667",2.0,0.0,2024-11-28 13:13:00,15.0,2025-07-29 01:11:00,both
BINDURI DA PWD cluster A,Kumpalgoga,Rural,Batch 6 (PWD),Binduri,25,17,Planning,binduri da pwd cluster a,002A76A2-FC6D-4D17-81A4-CD46DE4E21A0,RP1A.200720.011,BINDURI DA PWD cluster A,933d67572a198dc4,933d67572a198dc4,4.19.127,Linux,FP08,FP08,,hby,2025-04-10 18:51:22.517,"11.031694999999997,-0.35782166666666665",2.0,0.0,2025-03-21 11:32:00,15.0,2025-03-21 15:39:00,both
BAWKU WEST DA PWD cluster A,Yikurugu,Rural,Batch 6 (PWD),Bawku West,8,8,Planning,bawku west da pwd cluster a,,,,,,,,,,,,,,,,,,,left_only
BUILSA SOUTH DA PWD cluster B,Bachongsa,Rural,Batch 6 (PWD),Builsa South,12,10,Planning,builsa south da pwd cluster b,7B03D475-3F7F-4694-944E-B9C07788374B,RP1A.200720.011,BUILSA SOUTH DA PWD cluster B,4765b930dde5c7a4,4765b930dde5c7a4,4.19.127,Linux,FP08,FP08,,hby,2025-03-24 12:46:13.000,"10.441246666666666,-1.3244266666666666",2.0,0.0,2025-03-07 09:15:00,15.0,2025-03-24 16:53:00,both
EAST MAMPRUSI DA PWD cluster A,Wundua,Rural,Batch 6 (PWD),East Mamprusi,19,17,Planning,east mamprusi da pwd cluster a,,,,,,,,,,,,,,,,,,,left_only
Wakwan(Waugkpesir),Wakwan(Waugkpesir),Rural,Batch 4,Garu,40,40,Mentoring,wakwanwaugkpesir,,,,,,,,,,,,,,,,,,,left_only
SUMADURI,SUMADURI,Rural,Batch 4,Tempane,32,32,Mentoring,sumaduri,,,,,,,,,,,,,,,,,,,left_only
NARANZUA,NARANZUA,Rural,Batch 5,Bawku Municipal,95,95,Mentoring,naranzua,6263E142-6796-4A27-81C8-FA65314CC0E3,EKEMP.M8.2020,NARANZUA,c699c0674b50dadd,M820202206448,3.18.79,Linux,m8,M8,,android157,2025-06-08 09:08:52.000,"11.040251666666666,-0.25354666666666664",2.0,0.0,2025-03-25 14:46:00,15.0,2025-06-08 09:17:00,both
KAMBATIAK  NAAGOR,KAMBATIAK  NAAGOR,Rural,Batch 5,Bunkpurugu-Nakpanduri,153,153,Mentoring,kambatiak naagor,8BF1717E-99E0-4533-94CB-CFEEED409CD6,EKEMP.M8.2020,KAMBATIAK  NAAGOR,1ee3ea1aafba9095,M820202206405,3.18.79,Linux,m8,M8,,android157,2025-07-09 19:19:02.537,,2.0,0.0,2025-07-01 11:34:00,15.0,2025-07-01 11:37:00,both
BINDE,BINDE,Rural,Batch 5,Bunkpurugu-Nakpanduri,91,91,Mentoring,binde,2078475F-D381-40C6-92A8-B0BE3D9E4654,RP1A.200720.011,BINDE,5f74f93c6b0ca02c,5f74f93c6b0ca02c,4.19.127,Linux,M8,M8,,ekemp158,2025-08-18 14:03:13.667,"10.514956666666668,0.09375",2.0,0.0,2024-12-15 14:43:00,540.0,2025-07-14 08:49:00,both
DUUSI-ZORE,DUUSI-ZORE,Rural,Batch 5,Talensi,100,100,Mentoring,duusizore,48A58DED-83F1-4478-ACBE-BEB0993F3023,EKEMP.M8.2020,DUUSI-ZORE,54fabaa041e0c954,M820202206205,3.18.79,Linux,m8,M8,,android157,2025-02-20 13:15:45.000,"10.708938333333332,-0.7982166666666667",2.0,0.0,2025-02-14 14:40:00,15.0,2025-02-20 13:47:00,both
TUMONG,TUMONG,Rural,Batch 5,Tempane,35,35,Mentoring,tumong,AB4E5C16-F98E-486F-9AC9-6F8B776D6AF0,O11019,TUMONG,d3bbf75033a2a7e3,BQSOGMYTGECES8J7,3.18.79,Linux,m8,M8,,android157,2025-03-21 11:48:23.123,"10.855735000000001,-0.17247833333333332",2.0,0.0,2024-07-21 21:42:00,15.0,2024-12-07 17:04:00,both
MISSIGA,MISSIGA,Rural,Batch 5,Bawku Municipal,68,68,Mentoring,missiga,,,,,,,,,,,,,,,,,,,left_only
SAKPARI,SAKPARI,Rural,Batch 5,Binduri,106,106,Mentoring,sakpari,5D22130B-5F25-4DDB-B21F-5A47BE35B585,RP1A.200720.011,SAKPARI,b426e096226b519e,b426e096226b519e,4.19.127,Linux,M8,M8,,ekemp158,2025-02-17 13:05:11.000,"10.798803333333334,-0.8650533333333333",2.0,0.0,2025-02-11 17:01:00,540.0,2025-02-17 16:47:00,both
TINDONGO/ZORE,TINDONGO/ZORE,Rural,Batch 5,Talensi,118,118,Mentoring,tindongozore,06516062-81BD-4828-9D03-7B3656070124,RP1A.200720.011,TINDONGO/ZORE,5152a99fc0cdce76,5152a99fc0cdce76,4.19.127,Linux,M8,M8,,ekemp158,2025-02-20 11:49:30.000,"10.740081666666667,-0.72401",2.0,0.0,2025-02-14 13:55:00,15.0,2025-02-20 13:44:00,both
KPAFUA,KPAFUA,Rural,Batch 5,Tempane,26,26,Mentoring,kpafua,,,,,,,,,,,,,,,,,,,left_only
NABULIK,NABULIK,Rural,Batch 5,Bunkpurugu-Nakpanduri,152,152,Formation,nabulik,A1454ECC-98D4-4846-98B3-288BAE0C66F9,PPR1.180610.011,NABULIK,cb82522fd6a62e66,cb82522fd6a62e66,4.9.117+,Linux,FP-08,FP-08,,buildserver7,2025-01-05 20:53:26.000,"10.515023333333334,0.09400333333333334",2.0,0.0,2024-12-03 06:17:00,15.0,2025-06-10 14:04:00,both
MANGOR,MANGOR,Rural,Batch 5,Yunyoo-Nasuan District,157,156,Disbursement,mangor,59824A79-3E04-4171-8662-108756DE70C4,O11019,MANGOR,6c8b92f4f6ba5854,SKYDKFY5ROFYS4SS,3.18.79,Linux,m8,M8,,android157,2024-11-13 15:14:50.343,"10.453706666666669,0.04282166666666667",2.0,0.0,2024-04-20 06:55:00,15.0,2024-08-30 15:24:00,both
NYORUGO-SABO GERI,NYORUGO-SABO GERI,Rural,Batch 5,Bawku Municipal,77,77,Disbursement,nyorugosabo geri,B1AEE3D2-CE2D-472F-A7F7-025719373186,O11019,NYORUGO-SABO GERI,de86c203f704b3bf,9SC6GQSWUOBAHELF,3.18.79,Linux,m8,M8,,android157,2025-06-08 09:06:09.547,"11.040216666666668,-0.25347",2.0,0.0,2024-10-24 18:22:00,15.0,2025-06-04 17:03:00,both
ZUARUNGU CLUSTER ,DACHIO*,Urban,Batch 5,Bolgatanga Municipal,76,76,Disbursement,zuarungu cluster,54F1B0C8-CB47-4202-A83C-3265DFA0FAE1,PPR1.180610.011,ZUARUNGU CLUSTER ,c8682785fbecc98a,c8682785fbecc98a,4.9.117+,Linux,FP-08,FP-08,,buildserver7,2025-04-25 16:31:00.700,"10.841518333333333,-0.76129",2.0,0.0,2024-11-28 08:09:00,15.0,2025-04-25 06:34:00,both
BOLGA CENTRAL CLUSTER (A),YIKENE AGONDOO (AKURUBIRE'S HOUSE),Urban,Batch 5,Bolgatanga Municipal,39,39,Disbursement,bolga central cluster a,3BC911D2-C2A2-4E93-9B1E-09B1C1645EF4,PPR1.180610.011,BOLGA CENTRAL CLUSTER (A),7e74ddb61129db99,7e74ddb61129db99,4.9.117+,Linux,FP-08,FP-08,,buildserver7,2025-04-25 11:29:27.573,"10.818874999999998,-0.8613",2.0,0.0,2024-11-23 15:47:00,15.0,2025-04-14 11:05:00,both
PUNGU CLUSTER,YITONIA,Urban,Batch 5,Kassena-Nankana Municipal,160,160,Formation,pungu cluster,6D092BF6-0A0E-41E7-AE30-E80E8C26C6D7,RP1A.200720.011,PUNGU CLUSTER,49c528fa3a2ca889,49c528fa3a2ca889,4.19.127,Linux,FP08,FP08,,hby,2025-09-19 15:43:39.460,"10.870038333333332,-0.7194833333333333",2.0,0.0,2025-03-23 19:56:00,15.0,2025-03-29 14:24:00,both
VUNANIA CLUSTER,VUNANIA,Urban,Batch 5,Kassena-Nankana Municipal,87,87,Formation,vunania cluster,E194F18F-FE5F-4A7B-A314-ADDA370119F5,RP1A.200720.011,VUNANIA CLUSTER,36f6206e0eaf2c11,36f6206e0eaf2c11,4.19.127,Linux,FP08,FP08,,hby,2025-06-29 18:03:38.603,,2.0,0.0,2025-05-15 14:09:00,15.0,2025-05-15 14:16:00,both
TENORGO,TENORGO,Rural,Batch 5,Binduri,62,62,Formation,tenorgo,E47EFC94-BB07-4B2C-8D46-55E45684E83E,PPR1.180610.011,TENORGO,72b9337259621ae3,72b9337259621ae3,4.9.117+,Linux,FP-08,FP-08,,buildserver6,2025-03-18 14:34:00.213,,2.0,0.0,2024-07-15 16:35:00,576.0,2024-07-15 16:37:00,both
KINADABOTE,KINADABOTE,Rural,Batch 5,Bawku West,43,43,Mentoring,kinadabote,,,,,,,,,,,,,,,,,,,left_only
BUILSA NORTH DA PWD cluster A,Chuchuliga/Awenaguuk,Rural,Batch 6 (PWD),Builsa North,14,14,Enrolment,builsa north da pwd cluster a,C445223A-9A7D-4E70-BD45-CCE0B5557418,RP1A.200720.011,BUILSA NORTH DA PWD cluster A,f145236cfaa80321,f145236cfaa80321,4.19.127,Linux,FP08,FP08,,hby,2025-03-27 10:15:13.000,"10.7299535,-1.2869217",2.0,0.0,2025-03-21 17:17:00,15.0,2025-03-28 11:08:00,both
BUILSA SOUTH DA PWD cluster A,Bachongsa,Rural,Batch 6 (PWD),Builsa South,59,55,Planning,builsa south da pwd cluster a,42630118-A893-499A-A81C-96AEA8D12D29,RP1A.200720.011,BUILSA SOUTH DA PWD cluster A,e0cb1651ab34e087,e0cb1651ab34e087,4.19.127,Linux,FP08,FP08,,hby,2025-03-24 16:20:28.000,"10.491578333333333,-1.3012000000000001",2.0,0.0,2025-03-20 16:04:00,15.0,2025-03-26 14:07:00,both
EAST MAMPRUSI DA PWD cluster B,Wundua,Rural,Batch 6 (PWD),East Mamprusi,45,35,Planning,east mamprusi da pwd cluster b,16760F81-CF5A-4C73-AD53-DCAA5D0544CA,RP1A.200720.011,EAST MAMPRUSI DA PWD cluster B,64bfc4b039047f9a,64bfc4b039047f9a,4.19.127,Linux,FP08,FP08,,hby,2025-05-12 19:47:47.007,"10.532188333333332,-0.43692166666666665",2.0,0.0,2025-03-20 06:54:00,15.0,2025-04-01 07:36:00,both
TALENSI DA PWD cluster B,Gbeogo,Rural,Batch 6 (PWD),Talensi,0,0,Planning,talensi da pwd cluster b,,,,,,,,,,,,,,,,,,,left_only
NANSUAN,NANSUAN,Rural,Batch 5,Yunyoo-Nasuan District,54,54,Disbursement,nansuan,13661740-2724-4189-92FC-B11934B2DFB3,RP1A.200720.011,NANSUAN,f4dc2a7e41996e2b,f4dc2a7e41996e2b,4.19.127,Linux,M8,M8,,ekemp158,2024-08-26 10:39:13.000,"10.513816666666665,-0.16490833333333335",2.0,0.0,2024-02-28 12:57:00,15.0,2024-09-24 18:03:00,both
BUBONG,BUBONG,Rural,Batch 5,Yunyoo-Nasuan District,49,49,Disbursement,bubong,E35A5A47-E766-40B0-A84D-69B6BF939CAC,RP1A.200720.011,BUBONG,c0287b9b75219765,c0287b9b75219765,4.19.127,Linux,M8,M8,,ekemp158,2024-09-05 18:11:41.273,"10.483525000000002,-0.17586833333333332",2.0,0.0,2024-02-28 14:43:00,15.0,2024-08-26 10:13:00,both
KANJARGA,KANJARGA,Rural,Batch 5,Builsa South,26,26,Mentoring,kanjarga,B2E09F95-58E5-41D4-9D01-6DFB8E26B98B,RP1A.200720.011,KANJARGA,28af76be21574afc,28af76be21574afc,4.19.127,Linux,M8,M8,,ekemp158,2025-02-19 11:31:55.270,,2.0,0.0,2025-02-11 17:41:00,540.0,2025-02-11 17:44:00,both
GARU-SIGURI (KUGRASIA),GARU-SIGURI (KUGRASIA),Rural,Batch 5,Garu,73,73,Mentoring,garusiguri kugrasia,,,,,,,,,,,,,,,,,,,left_only
KULGONA/LANGBINA/ZIKAYA,KULGONA/LANGBINA/ZIKAYA,Rural,Batch 5,East Mamprusi,85,85,Disbursement,kulgonalangbinazikaya,,,,,,,,,,,,,,,,,,,left_only
Zamwengo,ZAMWENGO,Rural,Batch 5,Bongo,60,60,Disbursement,zamwengo,105E1417-B6BE-4952-9B7F-4332C4FEDDEA,EKEMP.M8.2020,Zamwengo,12745ab734277799,M820202206256,3.18.79,Linux,m8,M8,,android157,2025-05-06 17:49:01.750,,2.0,0.0,2025-02-11 17:26:00,15.0,2025-02-11 17:26:00,both
TAMBUKU,TAMBUKU,Rural,Batch 5,East Mamprusi,59,59,Disbursement,tambuku,,,,,,,,,,,,,,,,,,,left_only
Zopeliga-Dagliga,Zopeliga-Dagliga,Rural,Batch 5,Nabdam,65,65,Disbursement,zopeligadagliga,,,,,,,,,,,,,,,,,,,left_only
ABEMPINGO CLUSTER,ABEMPINGO,Urban,Batch 5,Kassena-Nankana Municipal,64,64,Formation,abempingo cluster,DB435861-2CC9-4C21-B73D-65AA62158744,RP1A.200720.011,ABEMPINGO CLUSTER,bc62498e63381265,bc62498e63381265,4.19.127,Linux,FP08,FP08,,hby,2025-08-15 11:55:18.203,"10.518329999999999,0.08559166666666668",2.0,0.0,2025-03-21 17:28:00,15.0,2025-03-26 11:23:00,both
ATOSALE CLUSTER,ATOSALE,Urban,Batch 5,Kassena-Nankana Municipal,81,81,Formation,atosale cluster,D75CB55A-5592-4B04-9981-B1903674B7E1,RP1A.200720.011,ATOSALE CLUSTER,3fcbb3d87be27a8a,3fcbb3d87be27a8a,4.19.127,Linux,FP08,FP08,,hby,2025-07-14 11:22:52.767,"10.361591666666667,-0.7981566666666667",2.0,0.0,2025-03-20 15:06:00,15.0,2025-03-25 10:08:00,both
TEMPANE DA PWD cluster B,Bugpiigu ,Rural,Batch 6 (PWD),Tempane,11,8,Planning,tempane da pwd cluster b,762DCA4E-2ECF-42ED-B4B9-74E99692115F,RP1A.200720.011,TEMPANE DA PWD cluster B,c85ea9243a6f8773,c85ea9243a6f8773,4.19.127,Linux,FP08,FP08,,hby,2025-04-10 13:45:19.663,"10.857006666666667,-0.17189",2.0,0.0,2025-03-22 06:52:00,15.0,2025-03-25 05:50:00,both
YUNYOO-NASUAN DA PWD cluster A,Majeefuuk,Rural,Batch 6 (PWD),Yunyoo-Nasuan District,39,32,Planning,yunyoonasuan da pwd cluster a,CA44EBFF-2286-4122-BE7B-07524939E0AC,RP1A.200720.011,YUNYOO-NASUAN DA PWD cluster A,1816c0204bae9432,1816c0204bae9432,4.19.127,Linux,FP08,FP08,,hby,2025-03-26 13:26:42.000,"10.482471666666667,-0.01889333333333333",2.0,0.0,2025-03-20 16:09:00,15.0,2025-03-26 19:30:00,both
SARABOGO/ZUULUGU,SARABOGO/ZUULUGU,Rural,Batch 5,Binduri,94,94,Mentoring,sarabogozuulugu,D434659C-09EB-4837-8444-3F7C5FDE809D,RP1A.200720.011,SARABOGO/ZUULUGU,6897e8e24f38af15,6897e8e24f38af15,4.19.127,Linux,M8,M8,,ekemp158,2025-04-15 22:06:11.903,"11.003435000000001,-0.310665",2.0,0.0,2025-02-11 15:58:00,540.0,2025-03-20 14:49:00,both
ATAMPINTIN,ATAMPINTIN,Rural,Batch 5,Bongo,71,71,Mentoring,atampintin,,,,,,,,,,,,,,,,,,,left_only
GBETUASIG (GBAMBIID),GBETUASIG (GBAMBIID),Rural,Batch 5,Garu,68,68,Mentoring,gbetuasig gbambiid,,,,,,,,,,,,,,,,,,,left_only
KUGPEILLA (MENKPASIR),KUGPEILLA (MENKPASIR),Rural,Batch 5,Garu,61,61,Mentoring,kugpeilla menkpasir,,,,,,,,,,,,,,,,,,,left_only
FUMBISI SOUTH,FUMBISI SOUTH,Rural,Batch 4,Builsa South,28,28,Mentoring,fumbisi south,,,,,,,,,,,,,,,,,,,left_only
SODOTI,SODOTI,Rural,Batch 5,Chereponi,107,107,Disbursement,sodoti,,,,,,,,,,,,,,,,,,,left_only
FUMBISI NAADEMA,FUMBISI NAADEMA,Rural,Batch 5,Builsa South,39,39,Mentoring,fumbisi naadema,,,,,,,,,,,,,,,,,,,left_only
TANZEE,TANZEE,Rural,Batch 5,Nabdam,97,97,Mentoring,tanzee,,,,,,,,,,,,,,,,,,,left_only
Pwalugu-Manpelugu,PWALUGU,Rural,Batch 5,Talensi,71,71,Disbursement,pwalugumanpelugu,88B93780-E95A-4C4C-9B1A-7022BFE38524,RP1A.200720.011,Pwalugu-Manpelugu,a2f9c24a82dec57a,a2f9c24a82dec57a,4.19.127,Linux,M8,M8,,ekemp158,2025-04-30 00:21:59.193,,2.0,0.0,2025-03-18 13:57:00,15.0,2025-03-18 13:58:00,both
Akuyelingo - Tingre -Wegurigo,AKUYELINGO,Rural,Batch 5,Bongo,39,39,Disbursement,akuyelingo  tingre wegurigo,,,,,,,,,,,,,,,,,,,left_only
GAMBAGA E. MAMPRUSI*,GAMBAGA E. MAMPRUSI*,Rural,Batch 5,East Mamprusi,42,42,Disbursement,gambaga e mamprusi,,,,,,,,,,,,,,,,,,,left_only
GONGNIA NANGALKANIA CLUSTER,GONGNIA-NANGALIKINIA*,Urban,Batch 5,Kassena-Nankana Municipal,66,66,Formation,gongnia nangalkania cluster,4E7D8222-7B61-43AC-8F69-9E218B1ACF4D,RP1A.200720.011,GONGNIA NANGALKANIA CLUSTER,0bb5d902f62a8699,0bb5d902f62a8699,4.19.127,Linux,FP08,FP08,,hby,2025-07-07 09:48:50.227,"10.904675000000001,-0.42759166666666665",2.0,0.0,2025-03-14 14:51:00,15.0,2025-04-11 17:12:00,both
KOLOGO CLUSTER,TUO KOLOGO ,Urban,Batch 5,Kassena-Nankana Municipal,132,132,Formation,kologo cluster,4DAE5EE5-F5EB-4F5B-BBE2-EC9EB005907D,PPR1.180610.011,KOLOGO CLUSTER,0b1037c2a5e140f3,0b1037c2a5e140f3,4.9.117+,Linux,FP-08,FP-08,,buildserver6,2025-07-06 16:28:54.957,"10.753023333333333,-1.0771866666666667",2.0,0.0,2024-07-04 10:01:00,15.0,2025-06-10 12:56:00,both
DIKPEUNG GUNG,DIKPEUNG GUNG,Rural,Batch 5,Talensi,70,70,Disbursement,dikpeung gung,4A6097D8-AC9D-4C14-8BB5-F97D2AF2F3E5,PPR1.180610.011,DIKPEUNG GUNG,e6e9f0b1de3c5d4e,e6e9f0b1de3c5d4e,4.9.117+,Linux,FP-08,FP-08,,buildserver7,2025-03-05 21:39:33.000,"10.708651666666666,-0.7989816666666666",2.0,0.0,2024-12-03 06:38:00,15.0,2025-05-04 06:58:00,both
WEST MAMPRUSI DA PWD cluster A,Bugya Kura/Walewale,Rural,Batch 6 (PWD),West Mamprusi,5,5,Enrolment,west mamprusi da pwd cluster a,3A504FEE-E275-4092-8939-1F4A1F06CA6E,RP1A.200720.011,WEST MAMPRUSI DA PWD cluster A,02e8cefe1f1fb73a,02e8cefe1f1fb73a,4.19.127,Linux,FP08,FP08,,hby,2025-06-26 10:22:23.237,"10.361998333333334,-0.7976500000000001",2.0,0.0,2025-03-20 15:04:00,15.0,2025-03-25 10:13:00,both
WEST MAMPRUSI DA PWD cluster B,Bugya Kura/Walewale,Rural,Batch 6 (PWD),West Mamprusi,2,2,Enrolment,west mamprusi da pwd cluster b,,,,,,,,,,,,,,,,,,,left_only
SAGBEISI,SAGBEISI,Rural,Batch 5,Mamprugu Moagduri,103,103,Mentoring,sagbeisi,4E700C44-9CAB-42BE-83A6-50C54D02A0AE,EKEMP.M8.2020,SAGBEISI,bb15495bbe477426,M820202206346,3.18.79,Linux,m8,M8,,android157,2025-02-13 10:50:41.000,"10.238565,-1.27613",2.0,0.0,2025-02-11 18:51:00,540.0,2025-02-21 10:25:00,both
WURIJUNG FONGU, WURIJUNG FONGU,Rural,Batch 5,West Mamprusi,88,88,Mentoring,wurijung fongu,96F3752C-D14A-4849-B011-9132A13A078B,EKEMP.M8.2020,WURIJUNG FONGU,a52b628ef2378cd2,M820202206393,3.18.79,Linux,m8,M8,,android157,2025-04-09 06:26:56.917,"10.361681666666668,-0.798",2.0,0.0,2025-01-09 11:30:00,15.0,2025-03-04 15:48:00,both
NAJONG NO.1 &2,NAJONG NO.1,Rural,Batch 5,Bunkpurugu-Nakpanduri,104,104,Mentoring,najong no1 2,2972F447-DC4B-43FC-9868-94310212E109,RP1A.200720.011,NAJONG NO.1 &2,95a7a98a9f478fab,95a7a98a9f478fab,4.19.127,Linux,M8,M8,,ekemp158,2025-07-15 09:12:33.000,"10.62747,-0.07067833333333334",2.0,0.0,2024-12-15 14:36:00,540.0,2025-07-16 00:40:00,both
TARONGO,TARONGO,Rural,Batch 5,Bongo,51,51,Disbursement,tarongo,,,,,,,,,,,,,,,,,,,left_only
KUGASHEIGU,KUGASHEIGU,Rural,Batch 5,Tempane,182,182,Disbursement,kugasheigu,FC46ED4E-7C00-44BF-A439-FA77D08D6EF5,PPR1.180610.011,KUGASHEIGU,9b83a2c3527e45ae,9b83a2c3527e45ae,4.9.117+,Linux,FP-08,FP-08,,buildserver7,2025-03-14 15:51:38.760,"10.920396666666667,-0.10886166666666666",2.0,0.0,2024-12-03 06:12:00,15.0,2025-03-01 14:30:00,both
KAJITERI,KAJITERI,Rural,Batch 5,Chereponi,100,100,Disbursement,kajiteri,744CDFE2-4527-434D-97F3-63157CDD8AC6,O11019,KAJITERI,079d99df0f0f4871,FQNNVWCYUWU8JJMF,3.18.79,Linux,m8,M8,,android157,2025-06-29 18:56:54.670,,2.0,0.0,2024-10-25 10:39:00,15.0,2024-10-25 10:40:00,both
Naturi -Tichangu,NATURI,Rural,Batch 5,Chereponi,151,151,Disbursement,naturi tichangu,E32BDA7D-8EE0-4A2D-9A9E-37F6200C9FB0,EKEMP.M8.2020,Naturi -Tichangu,6057d58843731e65,M820202206447,3.18.79,Linux,m8,M8,,android157,2025-08-02 16:13:46.270,"10.136106666666667,0.2910933333333333",2.0,0.0,2024-03-01 10:44:00,15.0,2025-04-24 05:53:00,both
PINDA CLUSTER,PINDA*,Urban,Batch 5,Kassena-Nankana Municipal,80,80,Formation,pinda cluster,46F6879B-C8B7-4259-AA8B-F9F86AC2CEE0,PPR1.180610.011,PINDA CLUSTER,962e55fa5ffcc0cd,962e55fa5ffcc0cd,4.9.117+,Linux,FP-08,FP-08,,buildserver7,2025-07-03 12:28:00.367,"10.8989252,-1.0909862",2.0,0.0,2024-06-07 18:05:00,597.0,2025-07-03 12:26:00,both
NATUGNIA CLUSTER,AKUMBISI,Urban,Batch 5,Kassena-Nankana Municipal,75,75,Formation,natugnia cluster,24D2A5A8-F3CF-410F-B920-F0EFDDBF7B7F,RP1A.200720.011,NATUGNIA CLUSTER,6e1f0a1f111263a9,6e1f0a1f111263a9,4.19.127,Linux,FP08,FP08,,hby,2025-08-26 17:11:50.010,"11.08761,-0.129455",2.0,0.0,2025-04-04 16:13:00,15.0,2025-04-15 07:27:00,both
BOATERIGU,BOATERIGU,Rural,Batch 5,Bunkpurugu-Nakpanduri,75,75,Formation,boaterigu,EA360D67-CF3F-467C-9902-6CD7C12311E9,PPR1.180610.011,BOATERIGU,43acd6297fc96057,43acd6297fc96057,4.9.117+,Linux,FP-08,FP-08,,buildserver7,2025-05-30 07:53:23.447,,2.0,0.0,2024-07-25 09:54:00,315.0,2024-07-25 09:58:00,both
BINDURI DA PWD cluster B,Binduri Cluster,Rural,Batch 6 (PWD),Binduri,3,2,Planning,binduri da pwd cluster b,,,,,,,,,,,,,,,,,,,left_only
BAWKU WEST DA PWD cluster B,Yikurugu,Rural,Batch 6 (PWD),Bawku West,0,0,Planning,bawku west da pwd cluster b,5AA576EA-A559-4AAC-A921-D6651E9EA11D,RP1A.200720.011,BAWKU WEST DA PWD cluster B,cf126e3d85d837d9,cf126e3d85d837d9,4.19.127,Linux,FP08,FP08,,hby,2025-03-26 07:49:30.187,,2.0,0.0,2025-03-25 10:14:00,15.0,2025-03-25 10:14:00,both
