subProject,Sub Project Code,Community Type,Type,District,Contractor,Status,% Completion,Beneficiaries,subProject_clean,uuid,deviceId,subProject_LIPW,androidId,serial,osVersion,osName,device,model,user,host,lastConnected,location,deviceAccess,createUserId,createDate,updateUserId,lastUpdated,_merge
 MAINTENANCE OF 4.2HA CASHEW PLANTATION AT NANSONI ,20797,Rural,Climate Change,CHEREPONI,,Closed,100.0,17,maintenance of 42ha cashew plantation at nansoni,57366E63-8F25-47B1-B979-F52E0F9816FB,EKEMP.M8.2020, MAINTENANCE OF 4.2HA CASHEW PLANTATION AT NANSONI ,6057d58843731e65,M820202206447,3.18.79,Linux,m8,M8,,android157,2024-10-07 21:30:56.853,"10.195698333333333,0.20650333333333334",2.0,0.0,2024-06-04 16:29:00,20.0,2024-07-06 20:07:00,both
 MAINTENANCE OF 17 HA CASHEW PLANTATION AT WUNDUA ,20798,Rural,Climate Change,EAST MAMPRUSI,,Completed,100.0,43,maintenance of 17 ha cashew plantation at wundua,F9C21737-DF9D-4673-8C6C-2F94C33366DE,EKEMP.M8.2020, MAINTENANCE OF 17 HA CASHEW PLANTATION AT WUNDUA ,6758351265200551,M820202206196,3.18.79,Linux,m8,M8,,android157,2024-10-09 22:21:35.160,"10.329896666666667,-0.5322933333333333",2.0,0.0,2024-04-23 11:33:00,20.0,2024-06-01 07:29:00,both
 Rehabilitation of Samboliga-Agatuse feeder road (5.20 km),20912,Rural,Feeder Road,BAWKU WEST,Legico Enterprise Ltd,OnGoing,52.25,156,rehabilitation of samboligaagatuse feeder road 520 km,6B5AE0D8-87CC-4DFE-ADFF-C6410680E738,RP1A.200720.011, Rehabilitation of Samboliga-Agatuse feeder road (5.20 km),bdb8d8c5fe7b9f8f,bdb8d8c5fe7b9f8f,4.19.127,Linux,FP08,FP08,,hby,2025-02-20 10:46:55.520,"10.787021666666666,-0.855615",2.0,0.0,2025-02-20 10:45:00,1138.0,2025-02-20 10:46:00,both
Rehabilitation of Aniisi - Belimpiisi Feeder Road (3.5km),20915,Rural,Feeder Road,BINDURI,Messrs Marnagan Co. Ltd.,Closed,93.5,161,rehabilitation of aniisi  belimpiisi feeder road 35km,E6A7F6C7-6CD4-4CBF-A2BF-E87667344872,RP1A.200720.011,Rehabilitation of Aniisi - Belimpiisi Feeder Road (3.5km),4c035dd19ece5c67,4c035dd19ece5c67,4.19.127,Linux,FP08,FP08,,hby,2024-08-27 16:10:58.407,"10.948856666666666,-0.2632333333333333",2.0,0.0,2024-08-12 22:46:00,1138.0,2024-08-26 15:16:00,both
Rehabilitation of Pwalugu-Manpelugu Feeder Road (3.5km),20929,Rural,Feeder Road,TALENSI,AMEG COMPANY LTD,OnGoing,46.95,85,rehabilitation of pwalugumanpelugu feeder road 35km,D72B60ED-7093-44D2-ACEE-4F6483BEBA5B,RP1A.200720.011,Rehabilitation of Pwalugu-Manpelugu Feeder Road (3.5km),85d170161461da88,85d170161461da88,4.19.127,Linux,M8,M8,,ekemp158,2025-03-18 14:27:15.813,"10.798071666666665,-0.86229",2.0,0.0,2025-02-04 15:28:00,1138.0,2025-02-04 15:30:00,both
"Rehabilitation of 10 ha degraded communal land using CASHEW trees including 25,000 Seedling Nursery at Nafkolga community",21147,Rural,Climate Change,BINDURI,,OnGoing,61.0,62,rehabilitation of 10 ha degraded communal land using cashew trees including 25000 seedling nursery at nafkolga community,2551398E-28C2-4C86-9C7B-2A55221C2E19,RP1A.200720.011,"Rehabilitation of 10 ha degraded communal land using CASHEW trees including 25,000 Seedling Nursery at Nafkolga community",8f552e3d180f182e,8f552e3d180f182e,4.19.127,Linux,FP08,FP08,,hby,2025-09-02 18:52:35.030,"10.891293333333332,-0.3654866666666667",2.0,0.0,2025-01-09 09:55:00,1138.0,2025-02-06 08:46:00,both
"Rehabilitation of 6.5 ha degraded communal land using CASHEW trees including 25,000 Seedling Nursery at Ayelbia community",21148,Rural,Climate Change,BONGO,,Completed,100.0,43,rehabilitation of 65 ha degraded communal land using cashew trees including 25000 seedling nursery at ayelbia community,B3F14A78-0310-4EA0-AB35-25672C0C12F8,RP1A.200720.011,"Rehabilitation of 6.5 ha degraded communal land using CASHEW trees including 25,000 Seedling Nursery at Ayelbia community",e08f9f5f07215c7d,e08f9f5f07215c7d,4.19.127,Linux,M8,M8,,ekemp158,2025-09-18 19:52:00.040,"10.809049999999997,-0.87397",2.0,0.0,2025-03-20 09:49:00,1138.0,2025-03-20 09:50:00,both
Rehabilitation of Kpemale-Bamdimsugru Feeder Road(5.2km),21197,Rural,Feeder Road,BUNKPURUGU,Amobet Engineering & Construction Ltd,Completed,100.0,162,rehabilitation of kpemalebamdimsugru feeder road52km,,,,,,,,,,,,,,,,,,,left_only
Rehabilitation of Small Earth Dam at Kuka-Natinga,21265,Rural,Dam,BAWKU ,Synagogue Construction Limited,OnGoing,50.4,183,rehabilitation of small earth dam at kukanatinga,F6232CF5-7111-4906-BE7D-24A1F437E738,RP1A.200720.011,Rehabilitation of Small Earth Dam at Kuka-Natinga,3b4a73d2e857f45f,3b4a73d2e857f45f,4.19.127,Linux,FP08,FP08,,hby,2025-04-09 08:21:38.567,"11.01611,-0.18568",2.0,0.0,2025-02-19 15:38:00,1138.0,2025-04-08 09:40:00,both
Rehabilitation of Small Earth Dam at Nayoko,21266,Rural,Dam,BINDURI,SUMMIT  DOU COMPANY LIMITED,OnGoing,77.77777778,364,rehabilitation of small earth dam at nayoko,AC9031E8-513B-4EB0-BE8F-B56A4449C278,RP1A.200720.011,Rehabilitation of Small Earth Dam at Nayoko,2a8a81366b63ed91,2a8a81366b63ed91,4.19.127,Linux,FP08,FP08,,hby,2025-06-13 17:31:17.303,"10.798855,-0.8647566666666666",2.0,0.0,2025-03-17 10:37:00,1138.0,2025-06-13 16:51:00,both
Rehabilitation of Small Earth Dam at Akara,21280,Rural,Dam,TEMPANE,Akologo Enterprise Ltd,OnGoing,66.2,426,rehabilitation of small earth dam at akara,,,,,,,,,,,,,,,,,,,left_only
Rehabilitation of Small Earth Dam at Uwasi,21530,Rural,Dam,BUILSA SOUTH,NDANAYINA ENTERPRISE,OnGoing,46.7,137,rehabilitation of small earth dam at uwasi,,,,,,,,,,,,,,,,,,,left_only
Rehabilitation of Small Earth Dam at  Damolgo-Baamogre,21533,Rural,Dam,NABDAM,Ko-omgongo Enterprise ,OnGoing,58.7,151,rehabilitation of small earth dam at damolgobaamogre,8ED1E369-688E-4FC4-B92E-391CC585FFD5,RP1A.200720.011,Rehabilitation of Small Earth Dam at  Damolgo-Baamogre,ffda39fb9f4b0d8b,ffda39fb9f4b0d8b,4.19.127,Linux,FP08,FP08,,hby,2025-08-29 10:41:36.680,"10.818318333333332,-0.7420983333333333",2.0,0.0,2024-09-13 16:46:00,20.0,2025-04-28 21:10:00,both
Construction of Small Earth Dam at Miranateng,21534,Rural,Dam,PUSIGA,Suwa Muda Enterprise,OnGoing,47.0,200,construction of small earth dam at miranateng,,,,,,,,,,,,,,,,,,,left_only
 MAINTENANCE OF 16.2HA CASHEW PLANTATION AT BULBIA ,20804,Rural,Climate Change,WEST MAMPRUSI,,Completed,100.0,41,maintenance of 162ha cashew plantation at bulbia,757DF63C-DEBE-45FD-8430-DAD390139DEB,EKEMP.M8.2020, MAINTENANCE OF 16.2HA CASHEW PLANTATION AT BULBIA ,8dd828ca02563756,M820202206443,3.18.79,Linux,m8,M8,,android157,2025-09-13 14:59:24.803,"10.346246666666667,-1.0344083333333332",2.0,0.0,2022-08-29 16:44:00,2.0,2024-01-28 17:26:00,both
 MAINTENANCE OF 2.3HA CASHEW PLANTATION AT ARUGBAL ,20806,Rural,Climate Change,TEMPANE,,Completed,100.0,10,maintenance of 23ha cashew plantation at arugbal,873C4EB3-70AD-47F9-8C3F-5E0F01B17F8F,RP1A.200720.011, MAINTENANCE OF 2.3HA CASHEW PLANTATION AT ARUGBAL ,b0cf46421b88ed24,b0cf46421b88ed24,4.19.127,Linux,M8,M8,,ekemp158,2024-10-15 05:59:17.797,"10.927555,-0.06285666666666666",2.0,0.0,2023-12-26 15:43:00,20.0,2024-09-30 11:31:00,both
Rehabilitation of Naturi Junc- Naturi Feeder Road (3.4km),20921,Rural,Feeder Road,CHEREPONI,Chassay Premium Limited,Completed,94.25,124,rehabilitation of naturi junc naturi feeder road 34km,3E716154-8BDC-4BE2-9B7D-F03FDABDCDAC,EKEMP.M8.2020,Rehabilitation of Naturi Junc- Naturi Feeder Road (3.4km),d9e16ad11d6b26ea,M820202206447,3.18.79,Linux,m8,M8,,android157,2024-11-21 03:20:27.683,"10.135631666666665,0.28869333333333336",2.0,0.0,2024-10-24 15:46:00,1138.0,2024-10-24 15:48:00,both
Rehabilitation of Songo-Songure Feeder Road (5.0km,20923,Rural,Feeder Road,GARU,Fuwab Company Limited,OnGoing,60.0,195,rehabilitation of songosongure feeder road 50km,,,,,,,,,,,,,,,,,,,left_only
"Rehabilitation of 10 ha degraded communal land using CASHEW trees including 25,000 Seedling Nursery at KUBORI",21155,Rural,Climate Change,MAMPRUGU-MOAGDURI,,Completed,98.4,66,rehabilitation of 10 ha degraded communal land using cashew trees including 25000 seedling nursery at kubori,7BE41002-3D9A-4242-86C3-E8051782090D,RP1A.200720.011,"Rehabilitation of 10 ha degraded communal land using CASHEW trees including 25,000 Seedling Nursery at KUBORI",c729b691e156f218,c729b691e156f218,4.19.127,Linux,M8,M8,,ekemp158,2025-07-04 01:19:12.760,"10.142146666666667,-1.2927466666666667",2.0,0.0,2025-01-11 16:28:00,1138.0,2025-05-01 21:22:00,both
"Rehabilitation of 10 ha degraded communal land using CASHEW trees including 25,000 Seedling Nursery at Nyogbari community",21157,Rural,Climate Change,NABDAM,,Completed,100.0,66,rehabilitation of 10 ha degraded communal land using cashew trees including 25000 seedling nursery at nyogbari community,E52F14AC-ADCC-4CF6-A20B-41102EC78A2C,RP1A.200720.011,"Rehabilitation of 10 ha degraded communal land using CASHEW trees including 25,000 Seedling Nursery at Nyogbari community",a4a2b9f091d898c4,a4a2b9f091d898c4,4.19.127,Linux,M8,M8,,ekemp158,2025-07-05 04:06:42.880,"10.768241666666665,-0.6268083333333333",2.0,0.0,2024-10-29 13:22:00,1138.0,2025-05-19 13:36:00,both
Rehabilitation of Small Earth Dam at Namasim,21255,Rural,Dam,EAST MAMPRUSI,Fm-Zanjina Enterprise Limited,OnGoing,21.2,181,rehabilitation of small earth dam at namasim,D2BA8014-86E5-4315-AD5D-5F29930D9713,RP1A.200720.011,Rehabilitation of Small Earth Dam at Namasim,259a8ff4dab8c1e9,259a8ff4dab8c1e9,4.19.127,Linux,M8,M8,,ekemp158,2025-04-02 20:15:36.060,"10.560973333333333,-0.3182183333333333",2.0,0.0,2024-04-18 22:11:00,20.0,2024-08-28 18:18:00,both
Rehabilitation of Dugout Yirangu,21257,Rural,Dam,MAMPRUGU-MOAGDURI,Abrakman Enterprise ,OnGoing,71.55,191,rehabilitation of dugout yirangu,D62C3A32-EF7E-4B2F-8F54-0792EF97E42E,RP1A.200720.011,Rehabilitation of Dugout Yirangu,815094310a0d54b2,815094310a0d54b2,4.19.127,Linux,M8,M8,,ekemp158,2025-06-27 09:43:00.787,"10.236076666666666,-1.277105",2.0,0.0,2024-11-11 17:17:00,1138.0,2024-11-11 17:30:00,both
Rehabilitation of Small Earth Dam at Doninga Delogsa,21272,Rural,Dam,BUILSA SOUTH,Maligu Investment Limited ,Terminated,2.0,83,rehabilitation of small earth dam at doninga delogsa,76177AB0-06AF-4349-A185-76F7FCC2AF6E,RP1A.200720.011,Rehabilitation of Small Earth Dam at Doninga Delogsa,ecd4f9de8aa50899,ecd4f9de8aa50899,4.19.127,Linux,FP08,FP08,,hby,2025-03-25 19:10:18.437,"10.608300000000002,-1.4224566666666665",2.0,0.0,2024-11-08 09:00:00,1138.0,2025-02-20 07:49:00,both
Rehabilitation of Small Earth Dam at Dusbuliga,21274,Rural,Dam,GARU,Akologo Enterprise Ltd,OnGoing,73.0,249,rehabilitation of small earth dam at dusbuliga,12E8CC9D-62D0-4152-B569-9D5EB1F05B84,RP1A.200720.011,Rehabilitation of Small Earth Dam at Dusbuliga,c6847fd4cb7ab3aa,c6847fd4cb7ab3aa,4.19.127,Linux,FP08,FP08,,hby,2025-05-06 16:00:48.280,"10.8513388,-0.126576",2.0,0.0,2025-02-10 17:05:00,20.0,2025-02-10 17:07:00,both
Rehabilitation of 10 degraded land using Cashew fruit trees including nursery at Nyandema,21289,Rural,Climate Change,BUILSA SOUTH,,Completed,100.0,66,rehabilitation of 10 degraded land using cashew fruit trees including nursery at nyandema,FD1B7A8A-35B8-4A1A-B239-A620FE831915,RP1A.200720.011,Rehabilitation of 10 degraded land using Cashew fruit trees including nursery at Nyandema,f3c4f2c4610d9600,f3c4f2c4610d9600,4.19.127,Linux,FP08,FP08,,hby,2025-08-28 12:19:28.780,"10.449102,-1.3100244",2.0,0.0,2025-03-07 16:29:00,1138.0,2025-03-07 16:35:00,both
Development of Gambaga College of Education Park,21291,Urban,Flood Mitigation Measures,EAST MAMPRUSI,THE SELECTOR COMPANY LTD.,OnGoing,61.65,73,development of gambaga college of education park,57D1B669-6746-4A38-A129-01198A9FA22A,RP1A.200720.011,Development of Gambaga College of Education Park,11bd432a608c2a1d,11bd432a608c2a1d,4.19.127,Linux,FP08,FP08,,hby,2025-09-24 07:10:26.253,"10.5284338,-0.4365301",2.0,0.0,2024-08-22 07:22:00,20.0,2025-02-13 10:38:00,both
Rehabilitation of Nansoni - Akromabila    Feeder Road (5.00 Km),21455,Rural,Feeder Road,CHEREPONI,YACKSON GHANA LIMITED,OnGoing,52.25,228,rehabilitation of nansoni  akromabila feeder road 500 km,D8654B3D-92F3-40B0-A7E6-F9EA566EB741,RP1A.200720.011,Rehabilitation of Nansoni - Akromabila    Feeder Road (5.00 Km),3279ebcbb2f02adf,3279ebcbb2f02adf,4.19.127,Linux,FP08,FP08,,hby,2025-04-30 08:37:47.900,"10.157361666666667,0.22631500000000002",2.0,0.0,2025-02-05 17:18:00,20.0,2025-03-20 20:47:00,both
Rehabilitation of Mimima - Boayini       Feeder Road (5.30 Km),21457,Rural,Feeder Road,WEST MAMPRUSI,Messrs Hypermomnt Construction Limited,OnGoing,35.2,215,rehabilitation of mimima  boayini feeder road 530 km,2D7244FD-34BA-4E6F-84F3-E9753866243A,RP1A.200720.011,Rehabilitation of Mimima - Boayini       Feeder Road (5.30 Km),807c67af5b159840,807c67af5b159840,4.19.127,Linux,FP08,FP08,,hby,2025-05-13 09:23:16.090,"10.520628333333331,-0.396745",2.0,0.0,2024-10-04 09:56:00,1138.0,2025-02-07 13:47:00,both
Construction of Small Earth Dam at Zangum,21523,Rural,Dam,WEST MAMPRUSI,Taweri Limited,OnGoing,51.75,249,construction of small earth dam at zangum,51E2FEFD-C0A2-45E3-A88B-3EF35C17C43F,RP1A.200720.011,Construction of Small Earth Dam at Zangum,366b2aefcccc5368,366b2aefcccc5368,4.19.127,Linux,FP08,FP08,,hby,2025-07-01 06:04:08.977,"10.397519999999998,-0.8288449999999999",2.0,0.0,2025-02-19 15:02:00,1138.0,2025-06-19 16:25:00,both
Construction of Small Earth Dam at Apodabogo ,21525,Rural,Dam,BAWKU WEST,Kpannyaraga GH Ltd,OnGoing,38.25,162,construction of small earth dam at apodabogo,5122A8B4-1A86-42AA-BBF7-B2FA1B0D5AA7,RP1A.200720.011,Construction of Small Earth Dam at Apodabogo ,a9797376c22c249e,a9797376c22c249e,4.19.127,Linux,FP08,FP08,,hby,2025-06-26 12:36:30.737,"10.798740000000002,-0.8647816666666667",2.0,0.0,2025-02-15 08:14:00,1138.0,2025-06-26 12:31:00,both
Rehabilitation of Kaadi  - Kulunvai   Feeder  Road (5.40 Km),21542,Rural,Feeder Road,BINDURI,AL-AMAF ENTERPRISE LIMITED,OnGoing,51.75,223,rehabilitation of kaadi  kulunvai feeder road 540 km,,,,,,,,,,,,,,,,,,,left_only
 MAINTENANCE OF 6.0HA CASHEW PLANTATION AT KPENTAUNG ,20794,Rural,Climate Change,BUNKPURUGU,,Completed,100.0,20,maintenance of 60ha cashew plantation at kpentaung,,,,,,,,,,,,,,,,,,,left_only
 MAINTENANCE OF 11.3 HA CASHEW PLANTATION AT LOAGRI ,20801,Rural,Climate Change,MAMPRUGU-MOAGDURI,,Completed,100.0,31,maintenance of 113 ha cashew plantation at loagri,1356AF31-B156-4AF7-8378-9B0B7E440D4E,RP1A.200720.011, MAINTENANCE OF 11.3 HA CASHEW PLANTATION AT LOAGRI ,bbf94920d4cd5f91,bbf94920d4cd5f91,4.19.127,Linux,FP08,FP08,,hby,2025-03-13 11:03:21.300,"10.840038333333332,-0.44334666666666667",2.0,0.0,2024-11-13 13:02:00,1138.0,2024-11-18 17:57:00,both
 MAINTENANCE OF 10HA CASHEW PLANTATION AT CHUCHULIGA AWENAGUUK ,20808,Rural,Climate Change,BUILSA NORTH,,Closed,40.6,34,maintenance of 10ha cashew plantation at chuchuliga awenaguuk,2A1050F8-4E5E-43A9-BDF4-279CA42D63C8,RP1A.200720.011, MAINTENANCE OF 10HA CASHEW PLANTATION AT CHUCHULIGA AWENAGUUK ,0f38bdbb2e62ce99,0f38bdbb2e62ce99,4.19.127,Linux,M8,M8,,ekemp158,2025-03-21 10:29:44.370,"10.795974999999999,-1.1746616666666665",2.0,0.0,2023-11-16 15:44:00,20.0,2024-10-03 20:50:00,both
Rehabilitation of Gbankoni - Nanjong No. 2 Feeder Road (6.9km),20919,Rural,Feeder Road,BUNKPURUGU,Amovbet Engineering Construction Limited,OnGoing,79.5,109,rehabilitation of gbankoni  nanjong no 2 feeder road 69km,52A582C7-D80B-4F91-ACA7-631A0A2E2136,EKEMP.M8.2020,Rehabilitation of Gbankoni - Nanjong No. 2 Feeder Road (6.9km),f6f022df8e8c10f5,M820202206401,3.18.79,Linux,m8,M8,,android157,2025-02-08 18:49:23.593,"10.433793,-0.118294",2.0,0.0,2024-09-18 09:14:00,20.0,2024-09-19 15:17:00,both
Rehabilitation of Kulsalboug - Zanlerigu  Feeder Road (2.1 km),20926,Rural,Feeder Road,NABDAM,Legico Enterprise Ltd,Completed,86.0,145,rehabilitation of kulsalboug  zanlerigu feeder road 21 km,AAE7B8D1-D3DD-47C0-AA01-E5968CC91851,RP1A.200720.011,Rehabilitation of Kulsalboug - Zanlerigu  Feeder Road (2.1 km),be2822259489fb0e,be2822259489fb0e,4.19.127,Linux,FP08,FP08,,hby,2025-07-29 09:08:53.690,"10.797198333333332,-0.8107716666666666",2.0,0.0,2024-10-04 11:11:00,20.0,2024-11-05 09:15:00,both
Completion of Small Earth Dam at Nayorku,20951,Rural,Dam,WEST MAMPRUSI,AFA INVESTMENTS LTD.,Completed,100.0,45,completion of small earth dam at nayorku,6F1F411B-D8E5-41B3-AB8F-7CAF3CC9565A,O11019,Completion of Small Earth Dam at Nayorku,ef75578e0b153fdc,JRR8G6Z5RO75WGDU,3.18.79,Linux,m8,M8,,android157,2024-03-29 13:00:05.587,"10.521415000000001,-0.39867833333333336",2.0,0.0,2024-03-21 14:47:00,20.0,2024-03-21 14:49:00,both
"Rehabilitation of 10 ha degraded communal land using CASHEW trees including 25,000 Seedling Nursery at Bachonsa Nyambisa community",21151,Rural,Climate Change,BUILSA SOUTH,,OnGoing,60.0,71,rehabilitation of 10 ha degraded communal land using cashew trees including 25000 seedling nursery at bachonsa nyambisa community,B3E16E00-E50B-4381-A5FE-5B7DC4ADBA15,RP1A.200720.011,"Rehabilitation of 10 ha degraded communal land using CASHEW trees including 25,000 Seedling Nursery at Bachonsa Nyambisa community",ab9d029001bd2e3b,ab9d029001bd2e3b,4.19.127,Linux,M8,M8,,ekemp158,2025-08-09 07:47:53.713,"10.442163333333333,-1.32274",2.0,0.0,2025-03-03 12:55:00,1138.0,2025-03-03 13:04:00,both
"Rehabilitation of 10 ha degraded communal land using CASHEW trees including 25,000 Seedling Nursery at Bengula community",21158,Rural,Climate Change,PUSIGA,,OnGoing,74.0,66,rehabilitation of 10 ha degraded communal land using cashew trees including 25000 seedling nursery at bengula community,AC5359F3-D585-4D7E-873B-7FAFDA8417BC,RP1A.200720.011,"Rehabilitation of 10 ha degraded communal land using CASHEW trees including 25,000 Seedling Nursery at Bengula community",215124068948b70a,215124068948b70a,4.19.127,Linux,M8,M8,,ekemp158,2025-09-23 20:20:29.450,"11.075038333333335,-0.08445",2.0,0.0,2025-02-04 11:31:00,1138.0,2025-02-28 12:33:00,both
"Rehabilitation of 10 ha degraded communal land using CASHEW trees including 25,000 Seedling Nursery at NASUAN",21162,Rural,Climate Change,YUNYOO-NASUAN,,Completed,100.0,66,rehabilitation of 10 ha degraded communal land using cashew trees including 25000 seedling nursery at nasuan,4E491082-538F-4877-A963-815437A6FA1A,RP1A.200720.011,"Rehabilitation of 10 ha degraded communal land using CASHEW trees including 25,000 Seedling Nursery at NASUAN",027023c796ab7104,027023c796ab7104,4.19.127,Linux,M8,M8,,ekemp158,2025-09-11 08:01:36.533,"10.514341666666667,-0.165775",2.0,0.0,2024-04-22 11:54:00,20.0,2025-09-06 22:02:00,both
Rehabilitation of Small Earth Dam at Kauk,21251,Rural,Dam,BUNKPURUGU,M. Baako Construction Works Limited,OnGoing,79.23,171,rehabilitation of small earth dam at kauk,F023E3A8-76DD-4B5B-A79E-BB917FB18BCA,EKEMP.M8.2020,Rehabilitation of Small Earth Dam at Kauk,fe53bdc6ae6d1227,M820202206193,3.18.79,Linux,m8,M8,,android157,2025-02-17 16:03:44.970,"10.518490000000002,0.08525833333333334",2.0,0.0,2024-10-30 13:36:00,1138.0,2025-02-06 12:53:00,both
Rehabilitation of Small Earth Dam at Nawaasa,21269,Rural,Dam,BUILSA NORTH,Bere-Som Company Limited ,OnGoing,10.4,109,rehabilitation of small earth dam at nawaasa,,,,,,,,,,,,,,,,,,,left_only
Rehabilitation of Small Earth Dam at Goohi Gozia,21276,Rural,Dam,NABDAM,Pedi Constructions Works Enterprise ,OnGoing,65.0,242,rehabilitation of small earth dam at goohi gozia,B189ED40-FFF8-476B-BC36-A5C91A17B5E4,RP1A.200720.011,Rehabilitation of Small Earth Dam at Goohi Gozia,b5586353ec095b17,b5586353ec095b17,4.19.127,Linux,FP08,FP08,,hby,2025-07-01 00:40:39.050,"10.849001666666668,-0.652645",2.0,0.0,2024-09-18 10:11:00,1138.0,2025-07-01 00:37:00,both
Rehabilitation of 8ha degraded land using Cashew fruit trees including nursery at Kamega,21287,Rural,Climate Change,BAWKU WEST,,OnGoing,42.25,64,rehabilitation of 8ha degraded land using cashew fruit trees including nursery at kamega,,,,,,,,,,,,,,,,,,,left_only
Rehabilitation of Azugyire - Achanyire Canal Feeder Road (3.40 Km),21451,Rural,Feeder Road,BUILSA NORTH,MAIDSAM COMPANY LTD,OnGoing,34.0,155,rehabilitation of azugyire  achanyire canal feeder road 340 km,44B744D7-E50E-47EC-84CB-5482965F6A40,RP1A.200720.011,Rehabilitation of Azugyire - Achanyire Canal Feeder Road (3.40 Km),f9d362553c8feb64,f9d362553c8feb64,4.19.127,Linux,FP08,FP08,,hby,2025-06-11 21:12:19.243,"10.8014076,-1.1963644",2.0,0.0,2024-08-29 10:53:00,1138.0,2025-06-02 17:39:00,both
Rehabilitation of Zanwara - Garigu Canal   Feeder Road (3.00 Km),21462,Rural,Feeder Road,MAMPRUGU-MOAGDURI,Messrs Kelladi Limited,OnGoing,12.82,228,rehabilitation of zanwara  garigu canal feeder road 300 km,,,,,,,,,,,,,,,,,,,left_only
Rehabilitation of Kongo Market - Pelungu   Feeder Road (5.00 Km),21501,Rural,Feeder Road,NABDAM,,Dropped,0.0,0,rehabilitation of kongo market  pelungu feeder road 500 km,,,,,,,,,,,,,,,,,,,left_only
Construction of Small Earth Dam at Gbiima,21519,Rural,Dam,MAMPRUGU-MOAGDURI,,OnGoing,26.0,104,construction of small earth dam at gbiima,7EF4177B-D1F6-48CC-97A1-A2BE12EF5218,RP1A.200720.011,Construction of Small Earth Dam at Gbiima,e9eb3b7a17a0ebf6,e9eb3b7a17a0ebf6,4.19.127,Linux,FP08,FP08,,hby,2025-07-13 15:51:18.637,"10.239508333333333,-1.2738450000000001",2.0,0.0,2024-11-08 11:49:00,1138.0,2025-04-05 16:13:00,both
Construction of Small Earth Dam at Zabugu  Kpalg ,21526,Rural,Dam,BAWKU ,CITIZEN HAQ VENTURES,OnGoing,63.96,185,construction of small earth dam at zabugu kpalg,,,,,,,,,,,,,,,,,,,left_only
 MAINTENANCE OF 3.9HA CASHEW PLANTATION AT KPEMALE ,20792,Rural,Climate Change,BUNKPURUGU,,Completed,100.0,15,maintenance of 39ha cashew plantation at kpemale,,,,,,,,,,,,,,,,,,,left_only
 MAINTENANCE OF 9.8HA CASHEW PLANTATION AT NAMANGU ,20799,Rural,Climate Change,EAST MAMPRUSI,,Completed,100.0,28,maintenance of 98ha cashew plantation at namangu,EC6EDFF5-3A83-4077-8D40-06A0BC29BAC4,EKEMP.M8.2020, MAINTENANCE OF 9.8HA CASHEW PLANTATION AT NAMANGU ,f5d5d4c142ec1905,M820202206246,3.18.79,Linux,m8,M8,,android157,2024-10-15 17:14:01.847,"10.403375000000002,-0.5119866666666667",2.0,0.0,2024-04-23 12:04:00,20.0,2024-09-05 18:56:00,both
Rehabilitation of Akuyelingo - Tingre -Wegurigo Feeder Road (5.0km),20917,Rural,Feeder Road,BONGO,UMEX GHANA LIMITED,OnGoing,56.0,114,rehabilitation of akuyelingo  tingre wegurigo feeder road 50km,629E682D-7EB1-4A08-8F75-DF8C9EB3BA7C,RP1A.200720.011,Rehabilitation of Akuyelingo - Tingre -Wegurigo Feeder Road (5.0km),f3fcf453a0b4da9f,f3fcf453a0b4da9f,4.19.127,Linux,M8,M8,,ekemp158,2024-10-28 13:04:32.250,"10.905100000000001,-0.8147166666666668",2.0,0.0,2024-04-17 11:05:00,20.0,2024-10-02 09:52:00,both
Rehabilitation of Ajengo Natinga-  Tesnatinga Feeder Road (4.3km),20928,Rural,Feeder Road,PUSIGA,TUMSUNG CO. LTD,Paused,62.25,153,rehabilitation of ajengo natinga tesnatinga feeder road 43km,6BC29923-5B4C-4F6A-AD28-DB3A03C94CEB,RP1A.200720.011,Rehabilitation of Ajengo Natinga-  Tesnatinga Feeder Road (4.3km),e88339f050f182c3,e88339f050f182c3,4.19.127,Linux,M8,M8,,ekemp158,2025-03-22 07:36:20.650,"11.076036666666669,-0.13196166666666667",2.0,0.0,2025-03-02 13:05:00,1138.0,2025-03-02 13:06:00,both
Completion of Small Earth Dam at Mangor,20953,Rural,Dam,YUNYOO-NASUAN,Shahefac Enterprise ,OnGoing,63.2,191,completion of small earth dam at mangor,C1F8DE51-3FF3-46BE-8FE8-BDDC853165A8,RP1A.200720.011,Completion of Small Earth Dam at Mangor,ae24690c2a275637,ae24690c2a275637,4.19.127,Linux,M8,M8,,ekemp158,2025-06-10 15:43:19.587,"10.453023333333332,0.045656666666666665",2.0,0.0,2024-09-09 12:45:00,1167.0,2025-05-28 18:46:00,both
"Rehabilitation of 10 ha degraded communal land using CASHEW trees including 25,000 Seedling Nursery at Adaribe community",21153,Rural,Climate Change,EAST MAMPRUSI,,OnGoing,85.0,49,rehabilitation of 10 ha degraded communal land using cashew trees including 25000 seedling nursery at adaribe community,5B3A30FB-ABBD-4C73-B35C-C1C7F14914ED,RP1A.200720.011,"Rehabilitation of 10 ha degraded communal land using CASHEW trees including 25,000 Seedling Nursery at Adaribe community",3a50ade89916e584,3a50ade89916e584,4.19.127,Linux,FP08,FP08,,hby,2025-09-27 12:07:10.383,"10.520883333333332,-0.3969783333333333",2.0,0.0,2025-02-19 14:19:00,1138.0,2025-03-12 16:27:00,both
"Rehabilitation of 7.0 ha degraded communal land using CASHEW trees including 25,000 Seedling Nursery at KONGO community",21160,Rural,Climate Change,TEMPANE,,OnGoing,30.1,47,rehabilitation of 70 ha degraded communal land using cashew trees including 25000 seedling nursery at kongo community,652D8CFC-9FFF-4B97-8284-2A085C5FAB04,RP1A.200720.011,"Rehabilitation of 7.0 ha degraded communal land using CASHEW trees including 25,000 Seedling Nursery at KONGO community",fe385c3eea498439,fe385c3eea498439,4.19.127,Linux,M8,M8,,ekemp158,2025-09-22 08:43:02.127,"10.988439999999999,0.014498333333333334",2.0,0.0,2024-12-19 12:10:00,1138.0,2025-09-02 08:58:00,both
 Rehabilitation of Winkogo - Dapore Feeder Road (4.0km),21185,Rural,Feeder Road,TALENSI,Y. Bosuh Construction Works Limited,OnGoing,64.25,86,rehabilitation of winkogo  dapore feeder road 40km,08B3D42E-EF77-4BA1-89F4-16D636D9A1A8,RP1A.200720.011, Rehabilitation of Winkogo - Dapore Feeder Road (4.0km),8dacbf5afe45e9e3,8dacbf5afe45e9e3,4.19.127,Linux,M8,M8,,ekemp158,2025-03-09 16:31:07.440,"10.7454166,-0.8617048",2.0,0.0,2024-09-04 11:30:00,1138.0,2024-12-05 09:53:00,both
Rehabilitation of Small Earth Dam at Waku,21253,Rural,Dam,CHEREPONI,Asalima Enterprise ,OnGoing,42.2,215,rehabilitation of small earth dam at waku,A273070A-67F5-4D2B-AF3A-33311DBE326B,RP1A.200720.011,Rehabilitation of Small Earth Dam at Waku,f2f2f1f7caa7f940,f2f2f1f7caa7f940,4.19.127,Linux,FP08,FP08,,hby,2025-06-20 11:58:13.477,"10.5208383,-0.3969895",2.0,0.0,2025-02-07 16:41:00,1138.0,2025-02-07 16:42:00,both
Rehabilitation of Small Earth Dam at Nagani,21260,Rural,Dam,YUNYOO-NASUAN,Nasoen Gh Ltd,Dropped,0.0,117,rehabilitation of small earth dam at nagani,,,,,,,,,,,,,,,,,,,left_only
Rehabilitation of Small Earth Dam at Sambolgo-Moo,21267,Rural,Dam,BONGO,Sons of Jah Will,OnGoing,36.8,205,rehabilitation of small earth dam at sambolgomoo,9991F7AF-9085-4BC0-994E-569630762F7E,RP1A.200720.011,Rehabilitation of Small Earth Dam at Sambolgo-Moo,8dc03d4bf04bfdb5,8dc03d4bf04bfdb5,4.19.127,Linux,FP08,FP08,,hby,2025-03-19 14:03:43.370,"10.7986735,-0.8649316",2.0,0.0,2025-02-24 10:40:00,1138.0,2025-02-24 10:41:00,both
Rehabilitation of Small Earth Dam at Kolnaba,21278,Rural,Dam,PUSIGA,Marfu-Fataa Ent Enterprise,OnGoing,80.03,304,rehabilitation of small earth dam at kolnaba,2620FFE8-C82C-422C-B0B6-9115C966FF5B,RP1A.200720.011,Rehabilitation of Small Earth Dam at Kolnaba,3ec579ed9f67f83c,3ec579ed9f67f83c,4.19.127,Linux,FP08,FP08,,hby,2025-02-20 13:41:39.050,"10.7987061,-0.8648093",2.0,0.0,2025-02-20 13:40:00,1138.0,2025-02-20 13:41:00,both
Rehabilitation of Bimbago Bridge -Laapaak Feeder Road (5.40 Km),21453,Rural,Feeder Road,BUNKPURUGU,Abshi Enterprise Limited,OnGoing,51.5,266,rehabilitation of bimbago bridge laapaak feeder road 540 km,08DC1B1E-F762-4CEE-94FB-7F39A8868421,RP1A.200720.011,Rehabilitation of Bimbago Bridge -Laapaak Feeder Road (5.40 Km),0653d957ecbe469d,0653d957ecbe469d,4.19.127,Linux,FP08,FP08,,hby,2025-06-18 12:00:34.240,"9.42882,-0.84829",2.0,0.0,2025-02-07 13:25:00,1138.0,2025-06-18 03:53:00,both
Rehabilitation of Waaki  - Sook       Feeder Road (3.60 Km),21460,Rural,Feeder Road,TALENSI,Messrs Hartbarak Enterprise,OnGoing,82.75,221,rehabilitation of waaki  sook feeder road 360 km,,,,,,,,,,,,,,,,,,,left_only
Rehabilitation of Small Earth Dam at Kpentaung     ,21521,Rural,Dam,BUNKPURUGU,MURAAJA GH. LTD,OnGoing,32.0,188,rehabilitation of small earth dam at kpentaung,,,,,,,,,,,,,,,,,,,left_only
Construction of Small Earth Dam at Gotisaliga ,21528,Rural,Dam,BINDURI,Dambe Enterprise Limited,OnGoing,36.45,267,construction of small earth dam at gotisaliga,,,,,,,,,,,,,,,,,,,left_only
Rehabilitation of Small Earth Dam at Tongo Beo,21535,Rural,Dam,TALENSI,RYTETIME SOLUTIONS LIMITED,Dropped,0.0,0,rehabilitation of small earth dam at tongo beo,,,,,,,,,,,,,,,,,,,left_only
 MAINTENANCE OF 7.7HA CASHEW PLANTATION AT YIKURUGU ,20790,Rural,Climate Change,BAWKU WEST,,Terminated,41.45,23,maintenance of 77ha cashew plantation at yikurugu,,,,,,,,,,,,,,,,,,,left_only
 MAINTENANCE OF 4.6 HA CASHEW PLANTATION AT KPARIKPII ,20803,Rural,Climate Change,NABDAM,,Terminated,33.8,18,maintenance of 46 ha cashew plantation at kparikpii,,,,,,,,,,,,,,,,,,,left_only
 MAINTENANCE OF 16.7HA CASHEW PLANTATION AT GUABULIGA ,20805,Rural,Climate Change,WEST MAMPRUSI,,Closed,55.05,42,maintenance of 167ha cashew plantation at guabuliga,B3C68455-81E1-4EF2-8892-8B14C26D8EC5,RP1A.200720.011, MAINTENANCE OF 16.7HA CASHEW PLANTATION AT GUABULIGA ,1f6a2edd708100d6,1f6a2edd708100d6,4.19.127,Linux,M8,M8,,ekemp158,2024-08-25 13:47:59.693,"10.413426666666664,-0.698355",2.0,0.0,2024-06-10 10:14:00,20.0,2024-08-09 21:02:00,both
 MAINTENANCE OF 7HA CASHEW PLANTATION AT BIMPELLA ,20807,Rural,Climate Change,PUSIGA,,Completed,100.0,22,maintenance of 7ha cashew plantation at bimpella,,,,,,,,,,,,,,,,,,,left_only
Rehabilitation of Naturi -Tichangu Feeder Road (5.0km),20920,Rural,Feeder Road,CHEREPONI,Shamaha  Enterprise limited,OnGoing,63.0,150,rehabilitation of naturi tichangu feeder road 50km,,,,,,,,,,,,,,,,,,,left_only
Rehabilitation of Gambaga - Zimasa Feeder Road (5.0km),20922,Rural,Feeder Road,EAST MAMPRUSI,Marnagan Co. Ltd,OnGoing,70.5,130,rehabilitation of gambaga  zimasa feeder road 50km,0276C03F-5A5B-4FA2-A4B9-3FB61E2ABC4F,RP1A.200720.011,Rehabilitation of Gambaga - Zimasa Feeder Road (5.0km),f9673f3a374ee2b9,f9673f3a374ee2b9,4.19.127,Linux,M8,M8,,ekemp158,2025-01-08 10:46:59.547,"10.542493333333335,-0.46443666666666666",2.0,0.0,2024-04-07 17:31:00,20.0,2024-10-03 06:47:00,both
Rehabilitation of Farfar- Walkman Feeder Road (5.0km),20924,Rural,Feeder Road,GARU,Step-Kulus Investment Limited ,OnGoing,57.75,276,rehabilitation of farfar walkman feeder road 50km,,,,,,,,,,,,,,,,,,,left_only
Completion of Small Earth Dam at Namongo,20954,Rural,Dam,YUNYOO-NASUAN,Kpannyaraga GH Ltd,OnGoing,80.2,150,completion of small earth dam at namongo,,,,,,,,,,,,,,,,,,,left_only
"Rehabilitation of 10 ha degraded communal land using CASHEW trees including 25,000 Seedling Nursery at Tengsung community",21154,Rural,Climate Change,GARU,,OnGoing,73.0,72,rehabilitation of 10 ha degraded communal land using cashew trees including 25000 seedling nursery at tengsung community,1B573FFB-6890-4C03-AE06-AD22B76D84AF,RP1A.200720.011,"Rehabilitation of 10 ha degraded communal land using CASHEW trees including 25,000 Seedling Nursery at Tengsung community",b356a7947445c9d7,b356a7947445c9d7,4.19.127,Linux,M8,M8,,ekemp158,2024-12-02 09:08:53.240,"10.7356075,-0.2134755",2.0,0.0,2024-06-18 14:40:00,20.0,2024-10-31 08:47:00,both
Rehabilitation of Dugout at Kuchuglim,21256,Rural,Dam,MAMPRUGU-MOAGDURI,Maligu Investment Limited ,OnGoing,32.0,124,rehabilitation of dugout at kuchuglim,,,,,,,,,,,,,,,,,,,left_only
Rehabilitation of Small Earth Dam at Guabuliga,21258,Rural,Dam,WEST MAMPRUSI,Awakwa Company LTD,Completed,100.0,184,rehabilitation of small earth dam at guabuliga,808F9684-AEEA-4C8B-9755-21A4EC156834,RP1A.200720.011,Rehabilitation of Small Earth Dam at Guabuliga,1534b3de638560fa,1534b3de638560fa,4.19.127,Linux,FP08,FP08,,hby,2025-04-24 13:54:03.827,"10.3566248,-0.793781",2.0,0.0,2025-04-24 11:46:00,1138.0,2025-04-24 11:51:00,both
Rehabilitation of Small Earth Dam at Pitengsa,21271,Rural,Dam,BUILSA SOUTH,A. Adnan Company Limited,Completed,90.0,300,rehabilitation of small earth dam at pitengsa,775BA78B-9C2F-493C-B43E-7F7402153C4B,EKEMP.M8.2020,Rehabilitation of Small Earth Dam at Pitengsa,8714d3e84efc0dc9,M820202206367,3.18.79,Linux,m8,M8,,android157,2025-03-29 14:04:26.283,"10.442383333333332,-1.32264",2.0,0.0,2025-03-04 10:46:00,1138.0,2025-03-04 10:48:00,both
Rehabilitation of Small Earth Dam at Duuri-Kangari,21273,Rural,Dam,GARU,NURASH COMPANY LTD.,OnGoing,45.4,193,rehabilitation of small earth dam at duurikangari,58512E39-BAF0-494E-98A0-63D2FBD920F9,RP1A.200720.011,Rehabilitation of Small Earth Dam at Duuri-Kangari,91e971ea28935e31,91e971ea28935e31,4.19.127,Linux,FP08,FP08,,hby,2025-05-16 13:05:35.377,"10.833564999999998,-0.17073166666666667",2.0,0.0,2025-02-10 17:17:00,20.0,2025-05-16 12:44:00,both
Rehabilitation of 10ha degraded land using Cashew fruit trees including nursery at Naadema,21288,Rural,Climate Change,BUILSA SOUTH,,OnGoing,55.0,87,rehabilitation of 10ha degraded land using cashew fruit trees including nursery at naadema,832CAC2F-A8A8-4CB8-AE0F-85D4E4C16C48,RP1A.200720.011,Rehabilitation of 10ha degraded land using Cashew fruit trees including nursery at Naadema,f615cf3d0ac059af,f615cf3d0ac059af,4.19.127,Linux,FP08,FP08,,hby,2025-09-10 07:26:41.367,"10.4522565,-1.3115299",2.0,0.0,2025-02-12 17:29:00,1138.0,2025-03-07 09:14:00,both
Rehabilitation of Nalerigu - Zaari   Feeder Road (5.00 Km),21456,Rural,Feeder Road,EAST MAMPRUSI,NAASOEN GHANA COMPANY LTD,OnGoing,55.5,117,rehabilitation of nalerigu  zaari feeder road 500 km,,,,,,,,,,,,,,,,,,,left_only
Rehabilitation of Kongo Market - Pelungu   Feeder Road (5.00 Km),21458,Rural,Feeder Road,NABDAM,Legico Enterprise Ltd,OnGoing,44.04,196,rehabilitation of kongo market  pelungu feeder road 500 km,,,,,,,,,,,,,,,,,,,left_only
Rehabilitation of Small Earth Dam at Wulugu,21522,Rural,Dam,WEST MAMPRUSI,AFA INVESTMENTS LTD.,OnGoing,48.75,236,rehabilitation of small earth dam at wulugu,,,,,,,,,,,,,,,,,,,left_only
Construction of Small Earth Dam at Suamvusi     ,21524,Rural,Dam,YUNYOO-NASUAN,Vian Enterprise,OnGoing,15.2,215,construction of small earth dam at suamvusi,,,,,,,,,,,,,,,,,,,left_only
 MAINTENANCE OF 10HA CASHEW PLANTATION AT KUBUGU ,20802,Rural,Climate Change,MAMPRUGU-MOAGDURI,,Completed,100.0,29,maintenance of 10ha cashew plantation at kubugu,,,,,,,,,,,,,,,,,,,left_only
Rehabilitation of Jadema-Buyinga Feeder Road (5.4km),20925,Rural,Feeder Road,MAMPRUGU-MOAGDURI,Maligu Investment Limited ,OnGoing,31.0,163,rehabilitation of jademabuyinga feeder road 54km,66F79024-4DA6-41AB-8201-44A187906C75,RP1A.200720.011,Rehabilitation of Jadema-Buyinga Feeder Road (5.4km),b7d0eb32e200b278,b7d0eb32e200b278,4.19.127,Linux,M8,M8,,ekemp158,2025-05-01 14:25:26.683,"10.239786666666667,-1.2743183333333334",2.0,0.0,2024-09-19 13:49:00,1138.0,2024-09-19 13:51:00,both
Rehabilitation of Zopeliga-Dagliga Basic School Feeder Road (4.0km),20927,Rural,Feeder Road,NABDAM,Gibs Agro and Consulting Services,OnGoing,60.0,90,rehabilitation of zopeligadagliga basic school feeder road 40km,25144D7D-55AF-4BAF-92F7-0CB3A3756A67,RP1A.200720.011,Rehabilitation of Zopeliga-Dagliga Basic School Feeder Road (4.0km),fef4f7bfdcc176f3,fef4f7bfdcc176f3,4.19.127,Linux,M8,M8,,ekemp158,2025-02-08 21:14:17.490,"10.82394,-0.7203833333333333",2.0,0.0,2024-04-08 17:32:00,20.0,2024-07-31 19:31:00,both
"Rehabilitation of 10 ha degraded communal land using CASHEW trees including 25,000 Seedling Nursery at Pusu Namongo  community",21159,Rural,Climate Change,TALENSI,,Completed,100.0,66,rehabilitation of 10 ha degraded communal land using cashew trees including 25000 seedling nursery at pusu namongo community,69ADEDC1-172C-4126-BE48-10AA43D73C60,RP1A.200720.011,"Rehabilitation of 10 ha degraded communal land using CASHEW trees including 25,000 Seedling Nursery at Pusu Namongo  community",dcf24fd2d6a746e9,dcf24fd2d6a746e9,4.19.127,Linux,M8,M8,,ekemp158,2025-06-12 17:12:34.530,"10.798665000000002,-0.86495",2.0,0.0,2025-06-12 16:54:00,1138.0,2025-06-12 16:55:00,both
"Rehabilitation of 8.8 ha degraded communal land using CASHEW trees including 25,000 Seedling Nursery at Kpinkpanyoung community",21161,Rural,Climate Change,TEMPANE,,OnGoing,83.0,68,rehabilitation of 88 ha degraded communal land using cashew trees including 25000 seedling nursery at kpinkpanyoung community,5BDA77DE-9603-45B0-8109-54BCCA13776F,EKEMP.M8.2020,"Rehabilitation of 8.8 ha degraded communal land using CASHEW trees including 25,000 Seedling Nursery at Kpinkpanyoung community",bafc4ab6dc75cbcf,M820202206345,3.18.79,Linux,m8,M8,,android157,2025-08-07 07:24:45.027,"10.810943333333334,-0.07671",2.0,0.0,2024-11-01 12:56:00,1138.0,2025-08-07 06:55:00,both
Rehabilitation of Small Earth Dam at Nabari,21259,Rural,Dam,WEST MAMPRUSI,Taweri Limited,Completed,91.2,123,rehabilitation of small earth dam at nabari,A38FD63D-AF3F-43E8-8CD6-AFDD77FC3EDC,RP1A.200720.011,Rehabilitation of Small Earth Dam at Nabari,241157fc7f6d8ace,241157fc7f6d8ace,4.19.127,Linux,FP08,FP08,,hby,2025-04-23 10:42:03.517,"10.374498333333333,-0.79189",2.0,0.0,2024-08-23 13:17:00,20.0,2024-09-30 20:52:00,both
Rehabilitation of Small Earth Dam at Balansa Bagumsa,21268,Rural,Dam,BUILSA NORTH,Ganwong Enterprise Limited,OnGoing,80.22,225,rehabilitation of small earth dam at balansa bagumsa,4501AF1C-EE48-46F9-8FE7-C7D78A8EC521,O11019,Rehabilitation of Small Earth Dam at Balansa Bagumsa,c2036f1a43f6334b,4SSSSC8HKV5HEITK,3.18.79,Linux,m8,M8,,android157,2025-07-02 13:30:04.827,"10.799380000000001,-0.8651633333333333",2.0,0.0,2025-03-13 10:23:00,1138.0,2025-03-13 10:24:00,both
Rehabilitation of Small Earth Dam at Wiaga Longsa,21270,Rural,Dam,BUILSA NORTH,Naram-Man Enterprise ,OnGoing,75.9,222,rehabilitation of small earth dam at wiaga longsa,,,,,,,,,,,,,,,,,,,left_only
Re-development of Old Sports Stadium at Awusuyeri,21293,Urban,Flood Mitigation Measures,BUILSA NORTH,Astee Company Limited,OnGoing,60.5,100,redevelopment of old sports stadium at awusuyeri,AD3BCE8F-2E76-4FCF-A546-BD5BF9AF8178,RP1A.200720.011,Re-development of Old Sports Stadium at Awusuyeri,13b23977a932f316,13b23977a932f316,4.19.127,Linux,FP08,FP08,,hby,2025-09-22 09:33:28.887,"10.7323434,-1.2838373",2.0,0.0,2024-08-15 09:37:00,1138.0,2025-08-02 12:25:00,both
Rehabilitation of Nakambo -Dabia    Feeder Road (5.00 Km),21459,Rural,Feeder Road,PUSIGA,Bandele Enterprise,OnGoing,35.44,148,rehabilitation of nakambo dabia feeder road 500 km,146DABCC-E6AE-4F7A-AA87-2468E689B063,RP1A.200720.011,Rehabilitation of Nakambo -Dabia    Feeder Road (5.00 Km),e2e6b55a1bc29f7e,e2e6b55a1bc29f7e,4.19.127,Linux,FP08,FP08,,hby,2025-09-16 10:22:26.313,"11.014306666666668,-0.14569166666666666",2.0,0.0,2025-01-30 12:34:00,1138.0,2025-03-13 04:32:00,both
Rehabilitation of Amoliga Jnc. - Ayarizumah's House     Feeder Road (5.00 Km),21461,Rural,Feeder Road,TEMPANE,Time Heals Enterprise Limited,OnGoing,27.0,214,rehabilitation of amoliga jnc  ayarizumahs house feeder road 500 km,BEF852E7-F3E2-415B-9B85-1E28958485B9,RP1A.200720.011,Rehabilitation of Amoliga Jnc. - Ayarizumah's House     Feeder Road (5.00 Km),f0868fd046f39c0f,f0868fd046f39c0f,4.19.127,Linux,FP08,FP08,,hby,2025-09-14 17:53:26.953,"10.849535,-0.14698",2.0,0.0,2024-12-12 10:15:00,1138.0,2025-03-11 14:53:00,both
Construction of Small Earth Dam at Boko ,21527,Rural,Dam,BINDURI,SUMMIT  DOU COMPANY LIMITED,OnGoing,50.0,203,construction of small earth dam at boko,DD26E528-0AB0-407E-9F49-2D203F83365A,RP1A.200720.011,Construction of Small Earth Dam at Boko ,e0f4adc066e4ba52,e0f4adc066e4ba52,4.19.127,Linux,FP08,FP08,,hby,2025-07-03 06:46:17.010,"10.994583333333333,-0.283695",2.0,0.0,2024-11-06 18:58:00,1138.0,2025-07-03 06:20:00,both
Rehabilitation of Small Earth Dam at Gorigo,21529,Rural,Dam,BONGO,MADUSON ENTERPRISE,OnGoing,54.45,193,rehabilitation of small earth dam at gorigo,291C2E0A-24BC-4552-A032-E710E86BEEA2,RP1A.200720.011,Rehabilitation of Small Earth Dam at Gorigo,8e920288f99711a9,8e920288f99711a9,4.19.127,Linux,FP08,FP08,,hby,2025-07-17 10:43:48.860,"10.937238333333335,-0.8241466666666667",2.0,0.0,2024-11-04 12:22:00,1138.0,2025-07-17 10:43:00,both
Construction of Small Earth Dam at Busnateng,21536,Rural,Dam,TEMPANE,Larodex Ltd,OnGoing,28.5,187,construction of small earth dam at busnateng,EC39A6F4-5316-4B8E-82B0-AE21ADB2AB14,RP1A.200720.011,Construction of Small Earth Dam at Busnateng,8585a4d20cbcb724,8585a4d20cbcb724,4.19.127,Linux,FP08,FP08,,hby,2025-03-19 15:57:56.867,"10.798778333333333,-0.8647666666666667",2.0,0.0,2025-02-19 12:01:00,1138.0,2025-03-19 15:45:00,both
MAINTENANCE OF 3.5HA CASHEW PLANTATION AT MANTANA,20809,Rural,Climate Change,YUNYOO-NASUAN,,Completed,100.0,12,maintenance of 35ha cashew plantation at mantana,,,,,,,,,,,,,,,,,,,left_only
Rehabilitation of Sanabiisi -Kabre - Akulyor Feeder Road (5.0km),20916,Rural,Feeder Road,BONGO,Tuniyu Enterprise ,OnGoing,72.5,116,rehabilitation of sanabiisi kabre  akulyor feeder road 50km,AAC13B00-182D-4A76-82FC-9FCC94FB0790,RP1A.200720.011,Rehabilitation of Sanabiisi -Kabre - Akulyor Feeder Road (5.0km),cc3a4cc334c75cc7,cc3a4cc334c75cc7,4.19.127,Linux,M8,M8,,ekemp158,2025-02-04 14:38:19.817,"10.798671666666667,-0.8646866666666667",2.0,0.0,2025-01-10 13:39:00,1138.0,2025-01-10 14:43:00,both
Rehabilitation of Doninga - Banyangsa Feeder Road (4.0km),20918,Rural,Feeder Road,BUILSA SOUTH,Dambe Enterprise Limited,OnGoing,60.0,116,rehabilitation of doninga  banyangsa feeder road 40km,BCC9FCA5-6864-476D-B7DB-57916B6A041E,RP1A.200720.011,Rehabilitation of Doninga - Banyangsa Feeder Road (4.0km),94a490f658f73874,94a490f658f73874,4.19.127,Linux,M8,M8,,ekemp158,2025-06-03 21:33:29.923,"10.442121666666667,-1.3230700000000002",2.0,0.0,2025-03-03 13:10:00,1138.0,2025-03-03 13:32:00,both
Completion of Small Earth Dam at Agargo,20952,Rural,Dam,BAWKU WEST,Dambe Enterprise Limited,Completed,100.0,185,completion of small earth dam at agargo,641CC1BF-900C-47AF-881A-9D53F0EE9EF7,RP1A.200720.011,Completion of Small Earth Dam at Agargo,d4ee92fb5fc3895c,d4ee92fb5fc3895c,4.19.127,Linux,M8,M8,,ekemp158,2024-11-04 13:02:47.347,"10.932087,-0.4999448",2.0,0.0,2024-04-26 14:09:00,20.0,2024-10-16 10:16:00,both
Rehabilitation of Gbingbalanchet - Bimbago Feeder Road Phase 1 (5.0km),21118,Rural,Feeder Road,YUNYOO-NASUAN,Martmell Enterprise,OnGoing,61.25,143,rehabilitation of gbingbalanchet  bimbago feeder road phase 1 50km,4DBC7F84-1D7C-4C5F-AF59-3DFEA56B31F5,RP1A.200720.011,Rehabilitation of Gbingbalanchet - Bimbago Feeder Road Phase 1 (5.0km),13029ae4d8311bcf,13029ae4d8311bcf,4.19.127,Linux,M8,M8,,ekemp158,2025-09-26 14:04:26.810,"10.523891666666668,-0.068825",2.0,0.0,2024-04-20 09:46:00,20.0,2025-01-19 08:19:00,both
"Rehabilitation of 10 ha degraded communal land using CASHEW trees including 25,000 Seedling Nursery at Bador",21145,Rural,Climate Change,BAWKU ,,OnGoing,69.0,67,rehabilitation of 10 ha degraded communal land using cashew trees including 25000 seedling nursery at bador,DD12B210-6D57-470C-B480-99FA9067DC60,RP1A.200720.011,"Rehabilitation of 10 ha degraded communal land using CASHEW trees including 25,000 Seedling Nursery at Bador",ff5225949dd81c87,ff5225949dd81c87,4.19.127,Linux,M8,M8,,ekemp158,2025-09-02 06:57:36.543,"11.143421666666665,-0.242935",2.0,0.0,2025-04-25 13:39:00,1138.0,2025-09-02 06:50:00,both
"Rehabilitation of 10 ha degraded communal land using CASHEW trees including 25,000 Seedling Nursery at Wiaga Chiok community",21150,Rural,Climate Change,BUILSA NORTH,,OnGoing,40.0,66,rehabilitation of 10 ha degraded communal land using cashew trees including 25000 seedling nursery at wiaga chiok community,AF7181BD-05A1-4437-9313-8CDD6E1001B4,RP1A.200720.011,"Rehabilitation of 10 ha degraded communal land using CASHEW trees including 25,000 Seedling Nursery at Wiaga Chiok community",996e29af5928714a,996e29af5928714a,4.19.127,Linux,M8,M8,,ekemp158,2025-09-04 07:54:26.760,"10.672241666666666,-1.2377966666666667",2.0,0.0,2023-12-26 17:05:00,20.0,2025-07-24 11:27:00,both
"Rehabilitation of 10 ha degraded communal land using CASHEW trees including 25,000 Seedling Nursery at Nanyiar community",21152,Rural,Climate Change,BUNKPURUGU,,OnGoing,70.2,83,rehabilitation of 10 ha degraded communal land using cashew trees including 25000 seedling nursery at nanyiar community,76B03A16-8121-4511-92C8-43D0A9F7A792,RP1A.200720.011,"Rehabilitation of 10 ha degraded communal land using CASHEW trees including 25,000 Seedling Nursery at Nanyiar community",d001e8dc219c3fa9,d001e8dc219c3fa9,4.19.127,Linux,M8,M8,,ekemp158,2025-09-18 05:59:17.887,"10.521926666666666,0.09317833333333334",2.0,0.0,2024-09-19 15:42:00,1138.0,2025-08-08 09:11:00,both
Rehabilitation of Wiidi - Kutanga - Buzunde Feeder Road (5.8km) ,21184,Rural,Feeder Road,BAWKU ,Dipama Investment GH Ltd,OnGoing,68.5,131,rehabilitation of wiidi  kutanga  buzunde feeder road 58km,FF53A244-8E8A-4466-B567-AAC1CD5B64D4,RP1A.200720.011,Rehabilitation of Wiidi - Kutanga - Buzunde Feeder Road (5.8km) ,8126e7cbf8ce4c37,8126e7cbf8ce4c37,4.19.127,Linux,FP08,FP08,,hby,2025-05-31 12:36:26.143,"10.608393333333334,-1.4221266666666668",2.0,0.0,2025-01-09 09:37:00,1138.0,2025-01-10 11:10:00,both
Rehabilitation of Small Earth Dam at Tusuk Konchian Gberuk,21252,Rural,Dam,BUNKPURUGU,Abshi Enterprise Limited,Completed,79.23,191,rehabilitation of small earth dam at tusuk konchian gberuk,472F9D11-4D45-4323-B945-4087F5E2B182,EKEMP.M8.2020,Rehabilitation of Small Earth Dam at Tusuk Konchian Gberuk,eea258ea4ec1bc6c,M820202206226,3.18.79,Linux,m8,M8,,android157,2025-08-02 19:46:30.433,"10.648883333333334,-0.071145",2.0,0.0,2024-12-30 13:13:00,20.0,2025-02-03 12:02:00,both
Rehabilitation of Small Earth Dam at Gbandabila ,21254,Rural,Dam,EAST MAMPRUSI,Kpannyaraga GH Ltd,OnGoing,72.6,97,rehabilitation of small earth dam at gbandabila,,,,,,,,,,,,,,,,,,,left_only
Rehabilitation of Dugout at Kugri,21275,Rural,Dam,NABDAM,Kebule Enterprise ,Completed,100.0,125,rehabilitation of dugout at kugri,,,,,,,,,,,,,,,,,,,left_only
Rehabilitation of Small Earth Dam at Kouse,21277,Rural,Dam,PUSIGA,Bere-Som Company Limited ,OnGoing,44.0,298,rehabilitation of small earth dam at kouse,,,,,,,,,,,,,,,,,,,left_only
Rehabilitation of Small Earth Dam at Pusu Namongo  ,21279,Rural,Dam,TALENSI,Tengzug Investment,OnGoing,60.2,312,rehabilitation of small earth dam at pusu namongo,981C842E-D0B8-4958-939D-3607713BE37F,EKEMP.M8.2020,Rehabilitation of Small Earth Dam at Pusu Namongo  ,7fdfac886df16dd4,M820202206306,3.18.79,Linux,m8,M8,,android157,2025-04-25 11:40:53.433,"10.797968333333332,-0.8623916666666667",2.0,0.0,2025-02-04 15:27:00,1138.0,2025-02-04 15:30:00,both
Rehabilitation of Luisa - Suik   Feeder Road (5.00 Km),21452,Rural,Feeder Road,BUILSA SOUTH,ALPHALIM COMPANY LTD,OnGoing,43.9,216,rehabilitation of luisa  suik feeder road 500 km,87C8202E-F736-42E0-B3E5-F75C510F393E,RP1A.200720.011,Rehabilitation of Luisa - Suik   Feeder Road (5.00 Km),583803c23004a8b6,583803c23004a8b6,4.19.127,Linux,FP08,FP08,,hby,2025-05-24 06:51:07.027,"10.44991,-1.3110849999999998",2.0,0.0,2025-01-20 16:32:00,1138.0,2025-03-05 17:36:00,both
Rehabilitation of Gbankoni - Gbaduak Nasiabouk Feeder Road (5.40 Km),21454,Rural,Feeder Road,BUNKPURUGU,Messrs Olamsa Construction & Trading Limited,OnGoing,52.5,273,rehabilitation of gbankoni  gbaduak nasiabouk feeder road 540 km,D62EB47B-F66A-4753-A5C1-A5E307728C6A,RP1A.200720.011,Rehabilitation of Gbankoni - Gbaduak Nasiabouk Feeder Road (5.40 Km),1292e475f2d854ef,1292e475f2d854ef,4.19.127,Linux,FP08,FP08,,hby,2025-06-11 12:26:30.907,"10.59408,0.03717166666666667",2.0,0.0,2025-03-04 18:07:00,1138.0,2025-05-15 14:38:00,both
Completion of Small Earth Dam at Nagboo,21518,Rural,Dam,EAST MAMPRUSI,ANTARAH ENTERPRISE LIMITED,OnGoing,56.0,290,completion of small earth dam at nagboo,46549F30-8BA0-449D-804B-4542F4942A44,RP1A.200720.011,Completion of Small Earth Dam at Nagboo,7604d6676b11317e,7604d6676b11317e,4.19.127,Linux,FP08,FP08,,hby,2025-06-25 09:45:18.700,"10.464791666666667,-0.3427133333333333",2.0,0.0,2024-11-19 06:45:00,1167.0,2025-06-04 11:05:00,both
Rehabilitation of Small Earth Dam at Nakpanduri Nanpaukbauk   ,21520,Rural,Dam,BUNKPURUGU,Amobet Engineering & Construction Ltd,Paused,5.0,212,rehabilitation of small earth dam at nakpanduri nanpaukbauk,,,,,,,,,,,,,,,,,,,left_only
Rehabilitation of Boya - Kpalsako  - Aniisi  - Zeego   Feeder  Road (6.30 Km),21543,Rural,Feeder Road,BAWKU WEST,,OnGoing,57.45,227,rehabilitation of boya  kpalsako  aniisi  zeego feeder road 630 km,,,,,,,,,,,,,,,,,,,left_only
 MAINTENANCE OF 4.2HA CASHEW PLANTATION AT JAKPA ,20795,Rural,Climate Change,CHEREPONI,,Completed,100.0,16,maintenance of 42ha cashew plantation at jakpa,D43DF6E2-8977-4CFC-86FC-7A199B42BFDD,EKEMP.M8.2020, MAINTENANCE OF 4.2HA CASHEW PLANTATION AT JAKPA ,1be02c5431e63274,M820202206423,3.18.79,Linux,m8,M8,,android157,2024-08-08 19:52:20.213,"10.138038333333332,0.29040666666666665",2.0,0.0,2024-06-04 16:39:00,20.0,2024-07-13 14:54:00,both
Rehabilitation of Gundago- Gbango-Kansogo Feeder Road (5.0km),20913,Rural,Feeder Road,BAWKU WEST,KPALUA COMPANY LIMITED,OnGoing,54.5,122,rehabilitation of gundago gbangokansogo feeder road 50km,22E28A9C-FBD4-4BCF-8002-5ABB907D42CB,RP1A.200720.011,Rehabilitation of Gundago- Gbango-Kansogo Feeder Road (5.0km),97725df6f322ed0d,97725df6f322ed0d,4.19.127,Linux,M8,M8,,ekemp158,2024-07-31 20:25:51.547,"10.709183333333332,-0.412535",2.0,0.0,2024-05-03 14:16:00,20.0,2024-07-31 20:08:00,both
Rehabilitation of Nayoko No. 2 - Gore clinic  Feeder Road (5.5km),20914,Rural,Feeder Road,BINDURI,Tuniyu Enterprise,OnGoing,66.1,217,rehabilitation of nayoko no 2  gore clinic feeder road 55km,28762204-06B8-473F-B57E-DDB6B57D5913,RP1A.200720.011,Rehabilitation of Nayoko No. 2 - Gore clinic  Feeder Road (5.5km),66e7b046eb20dd0d,66e7b046eb20dd0d,4.19.127,Linux,FP08,FP08,,hby,2025-06-18 16:10:39.180,"10.798371666666666,-0.86458",2.0,0.0,2025-02-28 15:55:00,1138.0,2025-06-18 15:48:00,both
"Rehabilitation of 10 ha degraded communal land using CASHEW trees including 25,000 Seedling Nursery at Yarigu community",21146,Rural,Climate Change,BAWKU WEST,,OnGoing,65.0,66,rehabilitation of 10 ha degraded communal land using cashew trees including 25000 seedling nursery at yarigu community,D783A3D2-DE77-429F-80A9-3FB17201120B,EKEMP.M8.2020,"Rehabilitation of 10 ha degraded communal land using CASHEW trees including 25,000 Seedling Nursery at Yarigu community",06588c73a1504965,M820202206385,3.18.79,Linux,m8,M8,,android157,2025-08-04 10:34:31.663,"10.959311666666668,-0.39504666666666666",2.0,0.0,2025-05-24 11:10:00,1138.0,2025-07-14 06:51:00,both
"Rehabilitation of 7.1 ha degraded communal land using CASHEW trees including 25,000 Seedling Nursery at Asebre community",21149,Rural,Climate Change,BONGO,,Completed,100.0,45,rehabilitation of 71 ha degraded communal land using cashew trees including 25000 seedling nursery at asebre community,D7AFB2F4-0474-4C72-AAE6-2623708874D0,RP1A.200720.011,"Rehabilitation of 7.1 ha degraded communal land using CASHEW trees including 25,000 Seedling Nursery at Asebre community",504466a9d0e9dca8,504466a9d0e9dca8,4.19.127,Linux,M8,M8,,ekemp158,2025-07-01 20:24:11.473,"10.988621666666665,-0.8163900000000001",2.0,0.0,2025-02-04 15:41:00,1138.0,2025-06-01 19:27:00,both
Rehabilitation of small earth Dam at Salpiiga,21263,Rural,Dam,BAWKU WEST,Pedi Constructions Works Enterprise ,OnGoing,29.8,165,rehabilitation of small earth dam at salpiiga,BE9B6A8C-2984-42BA-AF62-C9953150685A,RP1A.200720.011,Rehabilitation of small earth Dam at Salpiiga,1e8d664f19071452,1e8d664f19071452,4.19.127,Linux,FP08,FP08,,hby,2025-04-10 17:00:53.813,"11.068923333333332,-0.40256000000000003",2.0,0.0,2024-11-07 20:53:00,1138.0,2025-03-01 19:13:00,both
Rehabilitation of Small Earth Dam at Gumakutari,21264,Rural,Dam,BAWKU ,Urban Planner Ghana Ltd,OnGoing,57.0,199,rehabilitation of small earth dam at gumakutari,26AB31E2-484C-4B36-832B-D64995932BF3,RP1A.200720.011,Rehabilitation of Small Earth Dam at Gumakutari,058dc55b167b9f03,058dc55b167b9f03,4.19.127,Linux,FP08,FP08,,hby,2025-07-05 23:20:45.210,"10.608369999999999,-1.4224983333333334",2.0,0.0,2025-01-09 09:42:00,1138.0,2025-01-10 09:43:00,both
Rehabilitation of Small Earth Dam at Douskoum,21281,Rural,Dam,TEMPANE,Shahefac Enterprise ,OnGoing,60.2,364,rehabilitation of small earth dam at douskoum,64C5A43F-BEFB-4168-A2D7-108EB62A3CD0,EKEMP.M8.2020,Rehabilitation of Small Earth Dam at Douskoum,e0b079a79e31220d,M820202206307,3.18.79,Linux,m8,M8,,android157,2025-02-25 00:50:44.610,"11.048475,-0.2716366666666667",2.0,0.0,2024-10-16 13:11:00,1138.0,2025-02-24 00:08:00,both
Rehabilitation of Kpalwega - Nyorigu Feeder Road (2.8 Km),21449,Rural,Feeder Road,BAWKU ,Al-Amaf Enterprise,OnGoing,33.0,236,rehabilitation of kpalwega  nyorigu feeder road 28 km,,,,,,,,,,,,,,,,,,,left_only
Rehabilitation of Tingre - Kuyelingo   Feeder Road (5.00 Km),21450,Rural,Feeder Road,BONGO,Asirawini and Sons Limited,OnGoing,42.95,256,rehabilitation of tingre  kuyelingo feeder road 500 km,,,,,,,,,,,,,,,,,,,left_only
Rehabilitation of Gbangbalanchet-Bimbago Feeder Road Phase 2 (5.0Km),21463,Rural,Feeder Road,YUNYOO-NASUAN,Messrs Bomshele Enterprise,OnGoing,49.3,191,rehabilitation of gbangbalanchetbimbago feeder road phase 2 50km,0E88CCEE-3E11-4CC9-8B5C-061059C71056,RP1A.200720.011,Rehabilitation of Gbangbalanchet-Bimbago Feeder Road Phase 2 (5.0Km),4a77935c5aaa7b83,4a77935c5aaa7b83,4.19.127,Linux,FP08,FP08,,hby,2025-06-20 20:50:02.280,"10.552556666666666,-0.08134333333333334",2.0,0.0,2024-08-29 10:25:00,1138.0,2024-10-13 10:50:00,both
Construction of Small Earth Dam at Danando,21517,Rural,Dam,CHEREPONI,AR QUALITY ENG. SERVICES,OnGoing,26.0,167,construction of small earth dam at danando,B784FD8A-EFE1-45CD-89DF-5EF77E140889,RP1A.200720.011,Construction of Small Earth Dam at Danando,39d5feeb5561aef8,39d5feeb5561aef8,4.19.127,Linux,FP08,FP08,,hby,2025-06-12 14:39:08.180,"10.1353208,0.2888981",2.0,0.0,2024-11-18 21:54:00,1167.0,2025-02-27 13:51:00,both
Rehabilitation of Small Earth Dam at Doninga Delogsa,21531,Rural,Dam,BUILSA SOUTH,MAACHIE ENTERPRISE,OnGoing,40.2,123,rehabilitation of small earth dam at doninga delogsa,76177AB0-06AF-4349-A185-76F7FCC2AF6E,RP1A.200720.011,Rehabilitation of Small Earth Dam at Doninga Delogsa,ecd4f9de8aa50899,ecd4f9de8aa50899,4.19.127,Linux,FP08,FP08,,hby,2025-03-25 19:10:18.437,"10.608300000000002,-1.4224566666666665",2.0,0.0,2024-11-08 09:00:00,1138.0,2025-02-20 07:49:00,both
Rehabilitation of Small Earth Dam at Bugwiea,21532,Rural,Dam,GARU,,Dropped,0.0,219,rehabilitation of small earth dam at bugwiea,0954C227-EECB-4D22-A9A3-F172D7555838,RP1A.200720.011,Rehabilitation of Small Earth Dam at Bugwiea,a5b8d0992ff77676,a5b8d0992ff77676,4.19.127,Linux,FP08,FP08,,hby,2024-12-11 12:02:32.773,"10.833498333333333,-0.17067333333333332",2.0,0.0,2024-10-04 13:35:00,1138.0,2024-12-06 17:59:00,both
